TIP_DATETIME,ORIGIN,MASS,TRUCK_ID,ROCKY_RATIO
2024-07-24T00:07:23.000000,ZONE1,239.9,DT1,3.049
2024-07-24T00:14:23.000000,ZONE1,262.0,DT2,3.049
2024-07-24T00:24:23.000000,ZONE1,244.9,DT1,3.049
2024-07-24T00:28:23.000000,ZONE1,243.5,DT2,3.049
2024-07-24T00:37:23.000000,ZONE1,261.1,DT1,3.049
2024-07-24T00:42:23.000000,ZONE1,237.5,DT2,3.049
2024-07-24T00:46:23.000000,ZONE1,254.2,DT3,3.049
2024-07-24T00:56:23.000000,ZONE1,235.2,DT2,3.049
2024-07-24T04:10:23.000000,ZONE1,249.1,DT4,3.049
2024-07-24T04:17:23.000000,ZONE1,245.5,DT5,3.049
2024-07-24T04:31:23.000000,ZONE1,243.1,DT4,3.049
2024-07-24T04:35:23.000000,ZONE1,251.2,DT5,3.049
2024-07-24T04:42:23.000000,ZONE1,253.1,DT4,3.049
2024-07-24T04:47:23.000000,ZONE1,255.5,DT5,3.049
2024-07-24T05:00:23.000000,ZONE1,259.4,DT4,3.049
2024-07-24T05:04:23.000000,ZONE1,227.5,DT5,3.049
2024-07-24T05:12:23.000000,ZONE1,240.0,DT4,3.049
2024-07-24T05:18:23.000000,ZONE1,252.1,DT5,3.049
2024-07-24T05:24:23.000000,ZONE1,248.4,DT4,3.049
2024-07-24T05:31:23.000000,ZONE1,247.7,DT5,3.049
2024-07-24T05:37:23.000000,ZONE1,240.9,DT4,3.049
2024-07-24T05:45:23.000000,ZONE1,244.7,DT5,3.049
2024-07-24T05:50:23.000000,ZONE1,247.8,DT5,3.049
2024-07-24T05:56:23.000000,ZONE1,240.4,DT4,3.049
2024-07-24T06:01:23.000000,ZONE1,248.9,DT5,3.049
2024-07-24T06:08:23.000000,ZONE1,248.6,DT4,3.049
2024-07-24T06:19:23.000000,ZONE1,255.1,DT5,3.049
2024-07-24T06:23:23.000000,ZONE1,242.8,DT4,3.049
2024-07-24T06:30:23.000000,ZONE1,254.4,DT5,3.049
2024-07-24T06:50:23.000000,ZONE2,245.9,DT4,3.059
2024-07-24T06:57:23.000000,ZONE2,233.2,DT5,3.059
2024-07-24T07:02:23.000000,ZONE2,242.7,DT4,3.059
2024-07-24T07:09:23.000000,ZONE2,239.6,DT5,3.059
2024-07-24T07:14:23.000000,ZONE2,241.7,DT4,3.059
2024-07-24T07:22:23.000000,ZONE2,235.6,DT5,3.059
2024-07-24T07:26:23.000000,ZONE2,244.4,DT5,3.059
2024-07-24T07:30:23.000000,ZONE2,242.4,DT4,3.059
2024-07-24T07:35:23.000000,ZONE2,242.4,DT5,3.059
2024-07-24T07:40:23.000000,ZONE2,250.8,DT5,3.059
2024-07-24T07:45:23.000000,ZONE2,259.2,DT4,3.059
2024-07-24T07:50:23.000000,ZONE2,237.6,DT5,3.059
2024-07-24T07:54:23.000000,ZONE2,240.2,DT5,3.059
2024-07-24T08:02:23.000000,ZONE2,256.1,DT4,3.059
2024-07-24T07:50:23.000000,ZONE2,276.8,DT5,3.059
2024-07-24T07:50:23.000000,ZONE2,266.3,DT5,3.059
2024-07-24T08:15:23.000000,ZONE2,239.8,DT5,3.059
2024-07-24T08:20:23.000000,ZONE2,247.8,DT4,3.059
2024-07-24T08:27:23.000000,ZONE2,235.5,DT5,3.059
2024-07-24T08:31:23.000000,ZONE2,263.0,DT5,3.059
2024-07-24T08:36:23.000000,ZONE2,243.3,DT4,3.059
2024-07-24T08:41:23.000000,ZONE2,269.3,DT5,3.059
2024-07-24T08:46:23.000000,ZONE2,258.5,DT5,3.059
2024-07-24T08:52:23.000000,ZONE2,238.1,DT4,3.059
2024-07-24T08:56:23.000000,ZONE2,234.1,DT5,3.059
2024-07-24T09:00:23.000000,ZONE2,250.7,DT5,3.059
2024-07-24T09:05:23.000000,ZONE2,232.2,DT4,3.059
2024-07-24T09:10:23.000000,ZONE2,254.8,DT5,3.059
2024-07-24T09:15:23.000000,ZONE2,250.6,DT5,3.059
2024-07-24T09:19:23.000000,ZONE2,232.8,DT4,3.059
2024-07-24T09:25:23.000000,ZONE2,239.2,DT6,3.059
2024-07-24T09:31:23.000000,ZONE2,247.4,DT5,3.059
2024-07-24T09:43:23.000000,ZONE3,262.7,DT6,2.652
2024-07-24T09:49:23.000000,ZONE3,261.2,DT5,2.652
2024-07-24T09:56:23.000000,ZONE3,243.5,DT6,2.652
2024-07-24T10:02:23.000000,ZONE3,256.5,DT5,2.652
2024-07-24T10:20:23.000000,ZONE3,223.5,DT6,2.652
2024-07-24T10:26:23.000000,ZONE3,238.1,DT7,2.652
2024-07-24T10:31:23.000000,ZONE3,246.2,DT5,2.652
2024-07-24T10:38:23.000000,ZONE3,241.8,DT6,2.652
2024-07-24T10:43:23.000000,ZONE3,250.4,DT7,2.652
2024-07-24T10:48:23.000000,ZONE3,235.6,DT5,2.652
2024-07-24T10:54:23.000000,ZONE3,256.0,DT6,2.652
2024-07-24T11:00:23.000000,ZONE3,250.5,DT7,2.652
2024-07-24T11:04:23.000000,ZONE3,259.6,DT5,2.652
2024-07-24T11:16:23.000000,ZONE3,268.1,DT6,2.652
2024-07-24T11:22:23.000000,ZONE3,251.1,DT7,2.652
2024-07-24T11:27:23.000000,ZONE3,260.3,DT5,2.652
2024-07-24T11:32:23.000000,ZONE3,243.6,DT6,2.652
2024-07-24T11:37:23.000000,ZONE3,253.1,DT7,2.652
2024-07-24T11:43:23.000000,ZONE3,252.3,DT5,2.652
2024-07-24T11:51:23.000000,ZONE3,283.6,DT6,2.652
2024-07-24T11:55:23.000000,ZONE3,255.2,DT7,2.652
2024-07-24T12:00:23.000000,ZONE3,232.5,DT5,2.652
2024-07-24T12:04:23.000000,ZONE3,242.8,DT6,2.652
2024-07-24T12:14:23.000000,ZONE3,250.2,DT7,2.652
2024-07-24T12:19:23.000000,ZONE3,231.7,DT5,2.652
2024-07-24T12:25:23.000000,ZONE3,247.2,DT6,2.652
2024-07-24T12:31:23.000000,ZONE3,246.1,DT7,2.652
2024-07-24T12:36:23.000000,ZONE3,238.9,DT5,2.652
2024-07-24T12:40:23.000000,ZONE3,242.9,DT6,2.652
2024-07-24T12:48:23.000000,ZONE3,256.5,DT8,2.652
2024-07-24T12:52:23.000000,ZONE3,245.7,DT5,2.652
2024-07-24T12:57:23.000000,ZONE3,236.1,DT6,2.652
2024-07-24T13:04:23.000000,ZONE3,256.4,DT8,2.652
2024-07-24T13:09:23.000000,ZONE3,251.4,DT9,2.652
2024-07-24T13:15:23.000000,ZONE3,246.4,DT5,2.652
2024-07-24T13:23:23.000000,ZONE3,258.3,DT6,2.652
2024-07-24T13:29:23.000000,ZONE4,258.3,DT1,2.547
2024-07-24T13:36:23.000000,ZONE3,257.2,DT8,2.652
2024-07-24T13:42:23.000000,ZONE4,275.8,DT2,2.547
2024-07-24T13:46:23.000000,ZONE4,246.5,DT10,2.547
2024-07-24T13:47:23.000000,ZONE4,257.0,DT5,2.547
2024-07-24T13:48:23.000000,ZONE4,260.9,DT11,2.547
2024-07-24T13:56:23.000000,ZONE3,225.9,DT5,2.652
2024-07-24T13:46:23.000000,ZONE4,251.9,DT10,2.547
2024-07-24T13:48:23.000000,ZONE4,243.1,DT11,2.547
2024-07-24T13:47:23.000000,ZONE4,254.7,DT5,2.547
2024-07-24T14:16:23.000000,ZONE4,264.3,DT1,2.547
2024-07-24T14:25:23.000000,ZONE3,255.3,DT5,2.652
2024-07-24T14:31:23.000000,ZONE3,241.6,DT3,2.652
2024-07-24T14:36:23.000000,ZONE3,262.5,DT8,2.652
2024-07-24T14:46:23.000000,ZONE3,258.6,DT5,2.652
2024-07-24T14:50:23.000000,ZONE3,245.6,DT3,2.652
2024-07-24T14:55:23.000000,ZONE3,241.3,DT8,2.652
2024-07-24T15:03:23.000000,ZONE3,228.9,DT5,2.652
2024-07-24T15:09:23.000000,ZONE3,255.3,DT3,2.652
2024-07-24T15:15:23.000000,ZONE3,256.6,DT8,2.652
2024-07-24T15:24:23.000000,ZONE3,239.0,DT5,2.652
2024-07-24T15:28:23.000000,ZONE3,244.0,DT3,2.652
2024-07-24T15:34:23.000000,ZONE3,232.8,DT8,2.652
2024-07-24T15:40:23.000000,ZONE3,254.8,DT5,2.652
2024-07-24T15:47:23.000000,ZONE3,227.3,DT3,2.652
2024-07-24T15:52:23.000000,ZONE3,256.2,DT8,2.652
2024-07-24T16:01:23.000000,ZONE3,244.0,DT5,2.652
2024-07-24T16:06:23.000000,ZONE3,232.8,DT3,2.652
2024-07-24T16:13:23.000000,ZONE3,251.1,DT8,2.652
2024-07-24T16:34:23.000000,ZONE2,260.0,DT5,3.059
2024-07-24T16:38:23.000000,ZONE2,260.6,DT3,3.059
2024-07-24T16:42:23.000000,ZONE2,257.6,DT8,3.059
2024-07-24T16:47:23.000000,ZONE2,260.7,DT5,3.059
2024-07-24T16:54:23.000000,ZONE2,254.7,DT3,3.059
2024-07-24T16:59:23.000000,ZONE2,276.6,DT8,3.059
2024-07-24T17:04:23.000000,ZONE2,259.2,DT5,3.059
2024-07-24T17:09:23.000000,ZONE2,257.3,DT3,3.059
2024-07-24T17:15:23.000000,ZONE2,263.7,DT8,3.059
2024-07-24T17:21:23.000000,ZONE2,262.7,DT5,3.059
2024-07-24T17:26:23.000000,ZONE2,264.399,DT12,3.059
2024-07-24T17:31:23.000000,ZONE2,271.7,DT2,3.059
2024-07-24T17:40:23.000000,ZONE2,244.1,DT12,3.059
2024-07-24T17:48:23.000000,ZONE2,267.8,DT2,3.059
2024-07-24T17:53:23.000000,ZONE2,238.7,DT1,3.059
2024-07-24T18:00:23.000000,ZONE2,250.5,DT12,3.059
2024-07-24T18:05:23.000000,ZONE2,265.8,DT2,3.059
2024-07-24T18:11:23.000000,ZONE2,261.6,DT1,3.059
2024-07-24T18:25:23.000000,ZONE2,269.3,DT12,3.059
2024-07-24T18:30:23.000000,ZONE2,254.4,DT2,3.059
2024-07-24T18:35:23.000000,ZONE2,253.0,DT1,3.059
2024-07-24T18:41:23.000000,ZONE2,277.0,DT12,3.059
2024-07-24T18:46:23.000000,ZONE2,246.8,DT2,3.059
2024-07-24T18:52:23.000000,ZONE2,246.0,DT1,3.059
2024-07-24T18:57:23.000000,ZONE2,264.1,DT12,3.059
2024-07-24T19:02:23.000000,ZONE2,264.399,DT2,3.059
2024-07-24T19:08:23.000000,ZONE2,238.5,DT1,3.059
2024-07-24T19:20:23.000000,ZONE2,251.7,DT12,3.059
2024-07-24T19:26:23.000000,ZONE2,236.4,DT2,3.059
2024-07-24T19:32:23.000000,ZONE2,254.5,DT1,3.059
2024-07-24T19:37:23.000000,ZONE2,254.1,DT12,3.059
2024-07-24T19:44:23.000000,ZONE2,245.0,DT2,3.059
2024-07-24T19:53:23.000000,ZONE2,240.5,DT1,3.059
2024-07-24T19:59:23.000000,ZONE2,270.5,DT12,3.059
2024-07-24T20:05:23.000000,ZONE2,268.5,DT2,3.059
2024-07-24T20:11:23.000000,ZONE2,248.7,DT1,3.059
2024-07-24T20:17:23.000000,ZONE2,249.1,DT12,3.059
2024-07-24T20:23:23.000000,ZONE2,264.2,DT2,3.059
2024-07-24T20:29:23.000000,ZONE2,242.7,DT1,3.059
2024-07-24T20:35:23.000000,ZONE2,252.3,DT12,3.059
2024-07-24T20:45:23.000000,ZONE2,248.5,DT2,3.059
2024-07-24T20:50:23.000000,ZONE2,196.6,DT1,3.059
2024-07-24T20:56:23.000000,ZONE2,245.6,DT12,3.059
2024-07-24T21:04:23.000000,ZONE2,242.5,DT2,3.059
2024-07-24T21:09:23.000000,ZONE2,211.7,DT1,3.059
2024-07-24T21:25:23.000000,ZONE3,245.6,DT12,2.652
2024-07-24T21:32:23.000000,ZONE3,263.399,DT2,2.652
2024-07-24T21:39:23.000000,ZONE3,228.9,DT1,2.652
2024-07-24T21:45:23.000000,ZONE3,226.1,DT12,2.652
2024-07-24T21:51:23.000000,ZONE3,242.1,DT2,2.652
2024-07-24T21:56:23.000000,ZONE3,241.7,DT1,2.652
2024-07-24T22:02:23.000000,ZONE3,200.9,DT12,2.652
2024-07-24T22:23:23.000000,ZONE3,243.5,DT2,2.652
2024-07-24T22:29:23.000000,ZONE3,250.0,DT1,2.652
2024-07-24T22:34:23.000000,ZONE3,254.8,DT12,2.652
2024-07-24T22:43:23.000000,ZONE3,233.0,DT2,2.652
2024-07-24T22:47:23.000000,ZONE3,241.2,DT1,2.652
2024-07-24T22:52:23.000000,ZONE3,257.2,DT12,2.652
2024-07-24T22:57:23.000000,ZONE3,238.8,DT2,2.652
2024-07-24T23:01:23.000000,ZONE3,226.4,DT1,2.652
2024-07-24T23:07:23.000000,ZONE3,247.9,DT12,2.652
2024-07-24T23:12:23.000000,ZONE3,263.9,DT2,2.652
2024-07-24T23:18:23.000000,ZONE3,245.3,DT1,2.652
2024-07-24T23:22:23.000000,ZONE3,261.1,DT12,2.652
2024-07-24T23:29:23.000000,ZONE3,249.6,DT2,2.652
2024-07-24T23:35:23.000000,ZONE3,247.4,DT1,2.652
2024-07-25T00:27:23.000000,ZONE3,220.9,DT13,2.652
2024-07-25T00:34:23.000000,ZONE3,243.4,DT2,2.652
2024-07-25T00:38:23.000000,ZONE3,243.3,DT14,2.652
2024-07-25T00:43:23.000000,ZONE3,202.1,DT13,2.652
2024-07-25T00:48:23.000000,ZONE3,240.0,DT2,2.652
2024-07-25T00:52:23.000000,ZONE3,270.5,DT14,2.652
2024-07-25T01:01:23.000000,ZONE3,222.4,DT13,2.652
2024-07-25T01:08:23.000000,ZONE3,240.8,DT2,2.652
2024-07-25T01:13:23.000000,ZONE3,246.6,DT14,2.652
2024-07-25T01:18:23.000000,ZONE3,233.4,DT13,2.652
2024-07-25T01:24:23.000000,ZONE3,239.2,DT2,2.652
2024-07-25T01:30:23.000000,ZONE3,254.9,DT14,2.652
2024-07-25T01:35:23.000000,ZONE3,225.4,DT13,2.652
2024-07-25T01:41:23.000000,ZONE3,229.6,DT2,2.652
2024-07-25T01:49:23.000000,ZONE3,233.1,DT14,2.652
2024-07-25T01:54:23.000000,ZONE3,233.5,DT13,2.652
2024-07-25T02:03:23.000000,ZONE3,250.5,DT2,2.652
2024-07-25T02:08:23.000000,ZONE3,235.2,DT14,2.652
2024-07-25T02:18:23.000000,ZONE3,235.4,DT13,2.652
2024-07-25T02:23:23.000000,ZONE3,251.1,DT2,2.652
2024-07-25T02:28:23.000000,ZONE3,242.3,DT14,2.652
2024-07-25T02:33:23.000000,ZONE3,267.3,DT6,2.652
2024-07-25T03:03:23.000000,ZONE5,253.9,DT2,2.256
2024-07-25T03:09:23.000000,ZONE5,254.4,DT14,2.256
2024-07-25T03:20:23.000000,ZONE5,251.0,DT13,2.256
2024-07-25T03:38:23.000000,ZONE5,258.2,DT15,2.256
2024-07-25T03:44:23.000000,ZONE5,252.9,DT2,2.256
2024-07-25T03:53:23.000000,ZONE5,253.4,DT12,2.256
2024-07-25T04:04:23.000000,ZONE5,246.3,DT13,2.256
2024-07-25T04:22:23.000000,ZONE5,253.9,DT15,2.256
2024-07-25T04:33:23.000000,ZONE5,247.7,DT2,2.256
2024-07-25T04:49:23.000000,ZONE5,262.5,DT12,2.256
2024-07-25T04:53:23.000000,ZONE3,250.0,DT2,2.652
2024-07-25T05:01:23.000000,ZONE2,245.5,DT16,3.059
2024-07-25T05:07:23.000000,ZONE2,260.1,DT17,3.059
2024-07-25T05:10:23.000000,ZONE6,227.3,DT13,2.385
2024-07-25T05:15:23.000000,ZONE2,250.8,DT2,3.059
2024-07-25T05:20:23.000000,ZONE2,233.1,DT16,3.059
2024-07-25T05:25:23.000000,ZONE2,239.7,DT17,3.059
2024-07-25T05:30:23.000000,ZONE2,245.3,DT2,3.059
2024-07-25T05:35:23.000000,ZONE2,250.2,DT16,3.059
2024-07-25T05:40:23.000000,ZONE2,258.1,DT17,3.059
2024-07-25T05:45:23.000000,ZONE2,246.1,DT2,3.059
2024-07-25T05:50:23.000000,ZONE2,242.3,DT16,3.059
2024-07-25T05:55:23.000000,ZONE2,241.9,DT17,3.059
2024-07-25T06:00:23.000000,ZONE2,259.0,DT2,3.059
2024-07-25T06:07:23.000000,ZONE2,237.9,DT16,3.059
2024-07-25T06:12:23.000000,ZONE2,231.5,DT2,3.059
2024-07-25T06:20:23.000000,ZONE2,244.1,DT16,3.059
2024-07-25T06:25:23.000000,ZONE2,245.1,DT2,3.059
2024-07-25T06:29:23.000000,ZONE7,252.5,DT18,2.054
2024-07-25T06:34:23.000000,ZONE2,254.2,DT16,3.059
2024-07-25T06:39:23.000000,ZONE2,262.0,DT19,3.059
2024-07-25T06:46:23.000000,ZONE2,239.9,DT2,3.059
2024-07-25T06:50:23.000000,ZONE2,251.3,DT16,3.059
2024-07-25T06:58:23.000000,ZONE2,238.9,DT2,3.059
2024-07-25T07:07:23.000000,ZONE7,220.6,DT20,2.054
2024-07-25T07:12:23.000000,ZONE3,252.2,DT16,2.652
2024-07-25T07:19:23.000000,ZONE3,235.9,DT4,2.652
2024-07-25T07:25:23.000000,ZONE7,231.8,DT14,2.054
2024-07-25T07:29:23.000000,ZONE3,261.3,DT20,2.652
2024-07-25T07:34:23.000000,ZONE3,244.2,DT16,2.652
2024-07-25T07:39:23.000000,ZONE3,244.6,DT4,2.652
2024-07-25T07:44:23.000000,ZONE3,256.4,DT21,2.652
2024-07-25T07:49:23.000000,ZONE3,264.3,DT16,2.652
2024-07-25T07:54:23.000000,ZONE3,235.5,DT4,2.652
2024-07-25T08:00:23.000000,ZONE3,267.0,DT21,2.652
2024-07-25T08:08:23.000000,ZONE3,277.8,DT16,2.652
2024-07-25T08:12:23.000000,ZONE3,268.1,DT4,2.652
2024-07-25T08:18:23.000000,ZONE3,268.0,DT21,2.652
2024-07-25T08:25:23.000000,ZONE3,241.0,DT4,2.652
2024-07-25T08:31:23.000000,ZONE3,238.2,DT22,2.652
2024-07-25T08:43:23.000000,ZONE3,278.6,DT21,2.652
2024-07-25T08:58:23.000000,ZONE3,255.3,DT4,2.652
2024-07-25T09:20:23.000000,ZONE3,268.7,DT22,2.652
2024-07-25T09:25:23.000000,ZONE3,243.3,DT21,2.652
2024-07-25T09:29:23.000000,ZONE3,258.1,DT4,2.652
2024-07-25T09:35:23.000000,ZONE3,247.2,DT22,2.652
2024-07-25T09:39:23.000000,ZONE3,243.6,DT21,2.652
2024-07-25T09:44:23.000000,ZONE3,247.1,DT4,2.652
2024-07-25T09:49:23.000000,ZONE3,252.9,DT22,2.652
2024-07-25T09:54:23.000000,ZONE8,258.4,DT18,1.513
2024-07-25T09:59:23.000000,ZONE3,259.6,DT21,2.652
2024-07-25T10:04:23.000000,ZONE3,253.3,DT4,2.652
2024-07-25T10:24:23.000000,ZONE3,253.4,DT4,2.652
2024-07-25T10:29:23.000000,ZONE3,239.2,DT22,2.652
2024-07-25T10:47:23.000000,ZONE3,211.2,DT8,2.652
2024-07-25T10:51:23.000000,ZONE3,247.3,DT4,2.652
2024-07-25T10:55:23.000000,ZONE3,243.3,DT22,2.652
2024-07-25T11:06:23.000000,ZONE3,247.3,DT8,2.652
2024-07-25T11:11:23.000000,ZONE3,231.9,DT4,2.652
2024-07-25T11:16:23.000000,ZONE3,243.0,DT22,2.652
2024-07-25T11:22:23.000000,ZONE3,250.8,DT8,2.652
2024-07-25T11:28:23.000000,ZONE3,249.3,DT4,2.652
2024-07-25T11:34:23.000000,ZONE3,236.6,DT22,2.652
2024-07-25T11:39:23.000000,ZONE3,246.5,DT8,2.652
2024-07-25T11:58:23.000000,ZONE3,255.7,DT4,2.652
2024-07-25T12:02:23.000000,ZONE3,267.7,DT22,2.652
2024-07-25T12:07:23.000000,ZONE3,250.0,DT8,2.652
2024-07-25T12:12:23.000000,ZONE4,248.0,DT6,2.547
2024-07-25T12:17:23.000000,ZONE3,247.6,DT4,2.652
2024-07-25T12:26:23.000000,ZONE3,260.7,DT22,2.652
2024-07-25T12:38:23.000000,ZONE9,262.4,DT20,3.049
2024-07-25T12:26:23.000000,ZONE3,261.7,DT22,2.652
2024-07-25T12:49:23.000000,ZONE4,256.8,DT23,2.547
2024-07-25T12:54:23.000000,ZONE4,250.7,DT8,2.547
2024-07-25T12:59:23.000000,ZONE4,238.4,DT4,2.547
2024-07-25T13:04:23.000000,ZONE2,253.4,DT22,3.059
2024-07-25T13:11:23.000000,ZONE2,255.8,DT8,3.059
2024-07-25T13:21:23.000000,ZONE2,235.6,DT22,3.059
2024-07-25T13:16:23.000000,ZONE2,239.0,DT4,3.059
2024-07-25T13:25:23.000000,ZONE2,251.3,DT24,3.059
2024-07-25T13:30:23.000000,ZONE2,251.9,DT8,3.059
2024-07-25T13:35:23.000000,ZONE2,258.2,DT4,3.059
2024-07-25T13:40:23.000000,ZONE2,257.6,DT24,3.059
2024-07-25T13:45:23.000000,ZONE2,244.4,DT8,3.059
2024-07-25T13:50:23.000000,ZONE2,235.7,DT4,3.059
2024-07-25T13:55:23.000000,ZONE2,267.2,DT24,3.059
2024-07-25T14:02:23.000000,ZONE2,255.3,DT8,3.059
2024-07-25T14:07:23.000000,ZONE2,227.0,DT4,3.059
2024-07-25T14:13:23.000000,ZONE2,252.9,DT24,3.059
2024-07-25T14:19:23.000000,ZONE2,232.7,DT8,3.059
2024-07-25T14:37:23.000000,ZONE2,240.7,DT4,3.059
2024-07-25T14:43:23.000000,ZONE2,248.2,DT24,3.059
2024-07-25T14:48:23.000000,ZONE2,265.6,DT8,3.059
2024-07-25T14:56:23.000000,ZONE2,247.8,DT24,3.059
2024-07-25T15:04:23.000000,ZONE2,257.0,DT10,3.059
2024-07-25T15:09:23.000000,ZONE2,254.8,DT24,3.059
2024-07-25T15:19:23.000000,ZONE2,231.0,DT10,3.059
2024-07-25T15:25:23.000000,ZONE2,258.6,DT24,3.059
2024-07-25T15:30:23.000000,ZONE2,252.5,DT3,3.059
2024-07-25T15:36:23.000000,ZONE2,249.1,DT10,3.059
2024-07-25T15:42:23.000000,ZONE2,244.2,DT24,3.059
2024-07-25T15:53:23.000000,ZONE2,253.1,DT3,3.059
2024-07-25T15:57:23.000000,ZONE2,248.5,DT10,3.059
2024-07-25T16:05:23.000000,ZONE2,260.3,DT3,3.059
2024-07-25T16:09:23.000000,ZONE2,262.899,DT8,3.059
2024-07-25T16:17:23.000000,ZONE2,258.7,DT3,3.059
2024-07-25T16:23:23.000000,ZONE2,264.0,DT8,3.059
2024-07-25T16:28:23.000000,ZONE2,241.3,DT21,3.059
2024-07-25T16:32:23.000000,ZONE2,271.6,DT3,3.059
2024-07-25T16:37:23.000000,ZONE2,273.1,DT8,3.059
2024-07-25T16:43:23.000000,ZONE2,256.0,DT4,3.059
2024-07-25T16:48:23.000000,ZONE2,249.7,DT3,3.059
2024-07-25T16:53:23.000000,ZONE2,266.2,DT8,3.059
2024-07-25T17:17:23.000000,ZONE3,256.7,DT3,2.652
2024-07-25T17:23:23.000000,ZONE3,244.4,DT17,2.652
2024-07-25T17:32:23.000000,ZONE3,248.3,DT3,2.652
2024-07-25T17:38:23.000000,ZONE3,256.4,DT4,2.652
2024-07-25T17:46:23.000000,ZONE3,239.3,DT3,2.652
2024-07-25T17:53:23.000000,ZONE3,254.7,DT4,2.652
2024-07-25T18:09:23.000000,ZONE3,270.8,DT3,2.652
2024-07-25T18:14:23.000000,ZONE3,204.2,DT4,2.652
2024-07-25T18:19:23.000000,ZONE3,225.5,DT21,2.652
2024-07-25T18:26:23.000000,ZONE3,260.899,DT3,2.652
2024-07-25T18:32:23.000000,ZONE3,253.9,DT4,2.652
2024-07-25T18:38:23.000000,ZONE3,245.0,DT21,2.652
2024-07-25T18:47:23.000000,ZONE3,248.7,DT3,2.652
2024-07-25T18:57:23.000000,ZONE3,262.0,DT4,2.652
2024-07-25T19:12:23.000000,ZONE3,259.6,DT21,2.652
2024-07-25T19:28:23.000000,ZONE3,234.5,DT21,2.652
2024-07-25T19:41:23.000000,ZONE3,253.7,DT21,2.652
2024-07-25T19:56:23.000000,ZONE3,258.7,DT21,2.652
2024-07-25T20:11:23.000000,ZONE3,251.1,DT21,2.652
2024-07-25T20:26:23.000000,ZONE3,265.5,DT21,2.652
2024-07-25T20:39:23.000000,ZONE3,255.2,DT21,2.652
2024-07-25T20:53:23.000000,ZONE3,241.5,DT21,2.652
2024-07-25T21:06:23.000000,ZONE3,235.2,DT21,2.652
2024-07-25T21:20:23.000000,ZONE3,258.0,DT21,2.652
2024-07-25T21:34:23.000000,ZONE3,257.4,DT21,2.652
2024-07-25T21:47:23.000000,ZONE3,272.7,DT21,2.652
2024-07-25T22:01:23.000000,ZONE3,222.4,DT21,2.652
2024-07-25T22:52:23.000000,ZONE10,228.8,DT17,1.046
2024-07-25T22:58:23.000000,ZONE10,238.6,DT5,1.046
2024-07-25T23:04:23.000000,ZONE11,240.5,DT22,4.055
2024-07-25T23:07:23.000000,ZONE10,216.2,DT15,1.046
2024-07-25T23:13:23.000000,ZONE11,238.9,DT25,4.055
2024-07-25T23:18:23.000000,ZONE11,234.8,DT23,4.055
2024-07-25T23:20:23.000000,ZONE8,233.8,DT3,1.513
2024-07-25T23:25:23.000000,ZONE10,241.7,DT13,1.046
2024-07-25T23:30:23.000000,ZONE10,243.8,DT7,1.046
2024-07-26T00:14:23.000000,ZONE2,248.4,DT9,3.059
2024-07-26T00:26:23.000000,ZONE2,264.0,DT9,3.059
2024-07-26T00:30:23.000000,ZONE11,240.6,DT12,4.055
2024-07-26T00:37:23.000000,ZONE8,261.8,DT3,1.513
2024-07-26T00:40:23.000000,ZONE2,251.0,DT9,3.059
2024-07-26T01:02:23.000000,ZONE12,251.9,DT7,1.717
2024-07-26T01:09:23.000000,ZONE12,263.6,DT9,1.717
2024-07-26T01:23:23.000000,ZONE8,256.5,DT12,1.513
2024-07-26T02:27:23.000000,ZONE8,248.8,DT3,1.513
2024-07-26T02:31:23.000000,ZONE12,240.6,DT4,1.717
2024-07-26T02:36:23.000000,ZONE12,243.9,DT7,1.717
2024-07-26T02:49:23.000000,ZONE12,247.5,DT12,1.717
2024-07-26T02:57:23.000000,ZONE12,272.5,DT4,1.717
2024-07-26T03:07:23.000000,ZONE12,267.399,DT12,1.717
2024-07-26T03:30:23.000000,ZONE12,262.3,DT4,1.717
2024-07-26T03:34:23.000000,ZONE12,257.5,DT26,1.717
2024-07-26T03:34:23.000000,ZONE12,248.5,DT26,1.717
2024-07-26T03:34:23.000000,ZONE12,252.6,DT26,1.717
2024-07-26T03:49:23.000000,ZONE12,252.5,DT4,1.717
2024-07-26T04:03:23.000000,ZONE8,255.9,DT7,1.513
2024-07-26T04:08:23.000000,ZONE12,282.8,DT26,1.717
2024-07-26T04:14:23.000000,ZONE12,247.6,DT4,1.717
2024-07-26T04:24:23.000000,ZONE12,243.6,DT26,1.717
2024-07-26T04:33:23.000000,ZONE12,251.7,DT4,1.717
2024-07-26T04:42:23.000000,ZONE8,246.8,DT7,1.513
2024-07-26T04:49:23.000000,ZONE12,253.5,DT26,1.717
2024-07-26T04:55:23.000000,ZONE12,252.6,DT4,1.717
2024-07-26T05:04:23.000000,ZONE8,246.0,DT8,1.513
2024-07-26T05:17:23.000000,ZONE12,251.4,DT26,1.717
2024-07-26T05:24:23.000000,ZONE12,256.3,DT4,1.717
2024-07-26T05:38:23.000000,ZONE12,245.4,DT18,1.717
2024-07-26T05:54:23.000000,ZONE12,244.7,DT4,1.717
2024-07-26T06:01:23.000000,ZONE12,259.5,DT18,1.717
2024-07-26T06:18:23.000000,ZONE4,254.0,DT8,2.547
2024-07-26T06:23:23.000000,ZONE12,250.2,DT11,1.717
2024-07-26T06:29:23.000000,ZONE10,241.8,DT27,1.046
2024-07-26T06:35:23.000000,ZONE4,246.0,DT7,2.547
2024-07-26T06:40:23.000000,ZONE11,233.5,DT19,4.055
2024-07-26T06:48:23.000000,ZONE12,241.4,DT27,1.717
2024-07-26T06:56:23.000000,ZONE12,252.1,DT19,1.717
2024-07-26T07:04:23.000000,ZONE12,237.7,DT27,1.717
2024-07-26T07:18:23.000000,ZONE4,256.0,DT7,2.547
2024-07-26T07:24:23.000000,ZONE12,250.2,DT19,1.717
2024-07-26T07:28:23.000000,ZONE12,233.3,DT27,1.717
2024-07-26T07:28:23.000000,ZONE12,255.5,DT27,1.717
2024-07-26T07:45:23.000000,ZONE12,258.4,DT19,1.717
2024-07-26T07:55:23.000000,ZONE4,251.0,DT7,2.547
2024-07-26T08:05:23.000000,ZONE12,253.4,DT19,1.717
2024-07-26T08:11:23.000000,ZONE4,240.9,DT8,2.547
2024-07-26T08:23:23.000000,ZONE12,261.3,DT19,1.717
2024-07-26T08:31:23.000000,ZONE4,237.1,DT7,2.547
2024-07-26T08:39:23.000000,ZONE2,241.4,DT19,3.059
2024-07-26T08:47:23.000000,ZONE4,246.1,DT8,2.547
2024-07-26T08:51:23.000000,ZONE2,251.9,DT19,3.059
2024-07-26T09:03:23.000000,ZONE2,240.7,DT28,3.059
2024-07-26T09:06:23.000000,ZONE4,233.0,DT7,2.547
2024-07-26T09:12:23.000000,ZONE2,235.6,DT19,3.059
2024-07-26T09:16:23.000000,ZONE2,248.7,DT28,3.059
2024-07-26T09:21:23.000000,ZONE4,244.8,DT8,2.547
2024-07-26T09:26:23.000000,ZONE2,240.3,DT19,3.059
2024-07-26T09:31:23.000000,ZONE2,259.8,DT28,3.059
2024-07-26T09:38:23.000000,ZONE2,254.3,DT19,3.059
2024-07-26T09:43:23.000000,ZONE2,258.6,DT28,3.059
2024-07-26T09:47:23.000000,ZONE4,247.1,DT7,2.547
2024-07-26T09:53:23.000000,ZONE2,251.6,DT19,3.059
2024-07-26T09:58:23.000000,ZONE2,256.8,DT28,3.059
2024-07-26T10:08:23.000000,ZONE2,251.4,DT19,3.059
2024-07-26T10:03:23.000000,ZONE4,264.0,DT8,2.547
2024-07-26T10:22:23.000000,ZONE4,261.0,DT7,2.547
2024-07-26T10:27:23.000000,ZONE2,261.7,DT28,3.059
2024-07-26T10:32:23.000000,ZONE2,256.7,DT19,3.059
2024-07-26T10:39:23.000000,ZONE2,260.8,DT28,3.059
2024-07-26T10:44:23.000000,ZONE2,269.6,DT19,3.059
2024-07-26T10:51:23.000000,ZONE2,257.0,DT28,3.059
2024-07-26T10:55:23.000000,ZONE4,259.7,DT8,2.547
2024-07-26T11:00:23.000000,ZONE2,245.4,DT19,3.059
2024-07-26T11:05:23.000000,ZONE4,260.8,DT7,2.547
2024-07-26T11:15:23.000000,ZONE4,255.5,DT1,2.547
2024-07-26T11:19:23.000000,ZONE12,235.7,DT28,1.717
2024-07-26T11:24:23.000000,ZONE12,260.1,DT19,1.717
2024-07-26T11:44:23.000000,ZONE4,260.8,DT2,2.547
2024-07-26T11:53:23.000000,ZONE12,262.0,DT28,1.717
2024-07-26T11:59:23.000000,ZONE4,251.5,DT1,2.547
2024-07-26T12:08:23.000000,ZONE12,246.9,DT28,1.717
2024-07-26T12:14:23.000000,ZONE12,238.5,DT1,1.717
2024-07-26T12:20:23.000000,ZONE13,247.7,DT3,1.072
2024-07-26T12:38:23.000000,ZONE4,261.0,DT7,2.547
2024-07-26T12:46:23.000000,ZONE4,267.2,DT24,2.547
2024-07-26T12:53:23.000000,ZONE12,247.7,DT7,1.717
2024-07-26T13:14:23.000000,ZONE12,262.3,DT9,1.717
2024-07-26T13:20:23.000000,ZONE4,246.2,DT24,2.547
2024-07-26T13:27:23.000000,ZONE12,259.8,DT6,1.717
2024-07-26T13:32:23.000000,ZONE4,270.0,DT7,2.547
2024-07-26T13:42:23.000000,ZONE12,259.8,DT8,1.717
2024-07-26T14:00:23.000000,ZONE12,251.0,DT6,1.717
2024-07-26T14:16:23.000000,ZONE12,249.8,DT8,1.717
2024-07-26T14:25:23.000000,ZONE12,240.0,DT6,1.717
2024-07-26T14:32:23.000000,ZONE4,248.7,DT5,2.547
2024-07-26T14:40:23.000000,ZONE4,260.4,DT24,2.547
2024-07-26T14:45:23.000000,ZONE12,250.8,DT8,1.717
2024-07-26T14:56:23.000000,ZONE12,259.8,DT6,1.717
2024-07-26T15:03:23.000000,ZONE12,266.899,DT8,1.717
2024-07-26T15:12:23.000000,ZONE12,252.7,DT6,1.717
2024-07-26T15:20:23.000000,ZONE12,263.6,DT22,1.717
2024-07-26T15:29:23.000000,ZONE4,245.6,DT5,2.547
2024-07-26T15:36:23.000000,ZONE12,260.8,DT6,1.717
2024-07-26T15:42:23.000000,ZONE12,239.1,DT22,1.717
2024-07-26T15:51:23.000000,ZONE4,260.2,DT24,2.547
2024-07-26T15:56:23.000000,ZONE12,262.8,DT6,1.717
2024-07-26T16:01:23.000000,ZONE12,268.3,DT22,1.717
2024-07-26T16:14:23.000000,ZONE4,252.5,DT5,2.547
2024-07-26T16:20:23.000000,ZONE12,257.9,DT6,1.717
2024-07-26T16:30:23.000000,ZONE4,254.1,DT24,2.547
2024-07-26T16:34:23.000000,ZONE3,250.3,DT22,2.652
2024-07-26T16:40:23.000000,ZONE3,236.8,DT6,2.652
2024-07-26T16:46:23.000000,ZONE4,245.6,DT5,2.547
2024-07-26T16:50:23.000000,ZONE3,257.4,DT22,2.652
2024-07-26T16:55:23.000000,ZONE10,245.0,DT10,1.046
2024-07-26T16:59:23.000000,ZONE3,259.6,DT6,2.652
2024-07-26T17:02:23.000000,ZONE4,260.1,DT24,2.547
2024-07-26T17:05:23.000000,ZONE3,257.5,DT22,2.652
2024-07-26T17:13:23.000000,ZONE3,259.9,DT6,2.652
2024-07-26T17:16:23.000000,ZONE10,254.6,DT20,1.046
2024-07-26T17:19:23.000000,ZONE4,251.6,DT5,2.547
2024-07-26T17:32:23.000000,ZONE3,229.6,DT22,2.652
2024-07-26T17:36:23.000000,ZONE3,235.3,DT6,2.652
2024-07-26T17:40:23.000000,ZONE4,247.3,DT1,2.547
2024-07-26T17:46:23.000000,ZONE4,249.1,DT24,2.547
2024-07-26T17:51:23.000000,ZONE3,237.5,DT22,2.652
2024-07-26T17:56:23.000000,ZONE3,260.0,DT6,2.652
2024-07-26T18:05:23.000000,ZONE3,250.5,DT22,2.652
2024-07-26T18:13:23.000000,ZONE3,247.5,DT6,2.652
2024-07-26T18:19:23.000000,ZONE4,248.4,DT1,2.547
2024-07-26T18:25:23.000000,ZONE3,243.2,DT22,2.652
2024-07-26T18:32:23.000000,ZONE4,256.2,DT24,2.547
2024-07-26T18:47:23.000000,ZONE3,267.7,DT6,2.652
2024-07-26T18:53:23.000000,ZONE4,252.3,DT1,2.547
2024-07-26T19:01:23.000000,ZONE3,241.8,DT6,2.652
2024-07-26T19:08:23.000000,ZONE3,239.0,DT29,2.652
2024-07-26T19:14:23.000000,ZONE4,275.2,DT24,2.547
2024-07-26T19:22:23.000000,ZONE3,244.2,DT6,2.652
2024-07-26T19:31:23.000000,ZONE3,247.1,DT29,2.652
2024-07-26T19:44:23.000000,ZONE3,260.3,DT5,2.652
2024-07-26T19:58:23.000000,ZONE4,262.4,DT1,2.547
2024-07-26T20:16:23.000000,ZONE3,242.3,DT29,2.652
2024-07-26T20:32:23.000000,ZONE3,245.9,DT29,2.652
2024-07-26T20:46:23.000000,ZONE3,249.1,DT29,2.652
2024-07-26T20:59:23.000000,ZONE3,260.2,DT29,2.652
2024-07-26T21:13:23.000000,ZONE3,261.0,DT29,2.652
2024-07-26T21:30:23.000000,ZONE3,256.9,DT29,2.652
2024-07-26T21:44:23.000000,ZONE3,248.0,DT29,2.652
2024-07-26T21:57:23.000000,ZONE3,262.1,DT29,2.652
2024-07-26T22:19:23.000000,ZONE3,263.1,DT19,2.652
2024-07-26T22:23:23.000000,ZONE3,236.6,DT5,2.652
2024-07-26T22:28:23.000000,ZONE3,247.5,DT6,2.652
2024-07-26T22:35:23.000000,ZONE5,248.7,DT2,2.256
2024-07-26T22:51:23.000000,ZONE5,254.9,DT7,2.256
2024-07-26T22:57:23.000000,ZONE12,247.4,DT19,1.717
2024-07-26T23:01:23.000000,ZONE12,252.9,DT6,1.717
2024-07-26T23:18:23.000000,ZONE5,274.7,DT2,2.256
2024-07-26T23:25:23.000000,ZONE12,244.2,DT19,1.717
2024-07-26T23:31:23.000000,ZONE5,269.1,DT7,2.256
2024-07-26T23:40:23.000000,ZONE12,263.6,DT19,1.717
2024-07-26T23:46:23.000000,ZONE14,236.8,DT23,4.062
2024-07-26T23:48:23.000000,ZONE12,260.7,DT7,1.717
2024-07-27T00:44:23.000000,ZONE5,255.9,DT2,2.256
2024-07-27T00:51:23.000000,ZONE12,268.2,DT19,1.717
2024-07-27T00:59:23.000000,ZONE5,267.0,DT7,2.256
2024-07-27T01:05:23.000000,ZONE2,256.0,DT19,3.059
2024-07-27T01:39:23.000000,ZONE5,266.7,DT2,2.256
2024-07-27T01:47:23.000000,ZONE2,266.3,DT19,3.059
2024-07-27T01:53:23.000000,ZONE2,259.9,DT6,3.059
2024-07-27T01:59:23.000000,ZONE2,265.3,DT19,3.059
2024-07-27T02:05:23.000000,ZONE5,262.8,DT7,2.256
2024-07-27T02:10:23.000000,ZONE7,246.3,DT11,2.054
2024-07-27T02:16:23.000000,ZONE2,258.3,DT19,3.059
2024-07-27T02:21:23.000000,ZONE2,268.2,DT9,3.059
2024-07-27T02:27:23.000000,ZONE5,282.9,DT2,2.256
2024-07-27T02:36:23.000000,ZONE2,260.3,DT19,3.059
2024-07-27T02:42:23.000000,ZONE2,260.0,DT9,3.059
2024-07-27T02:48:23.000000,ZONE5,255.2,DT7,2.256
2024-07-27T02:58:23.000000,ZONE12,267.1,DT9,1.717
2024-07-27T03:05:23.000000,ZONE8,268.8,DT2,1.513
2024-07-27T03:10:23.000000,ZONE7,243.5,DT1,2.054
2024-07-27T03:15:23.000000,ZONE12,261.4,DT9,1.717
2024-07-27T03:29:23.000000,ZONE12,254.5,DT9,1.717
2024-07-27T03:46:23.000000,ZONE12,246.8,DT30,1.717
2024-07-27T03:55:23.000000,ZONE12,263.2,DT9,1.717
2024-07-27T04:03:23.000000,ZONE8,263.899,DT6,1.513
2024-07-27T04:23:23.000000,ZONE8,259.9,DT2,1.513
2024-07-27T04:27:23.000000,ZONE8,250.5,DT5,1.513
2024-07-27T04:30:23.000000,ZONE8,251.2,DT21,1.513
2024-07-27T04:35:23.000000,ZONE8,250.0,DT6,1.513
2024-07-27T04:44:23.000000,ZONE12,262.6,DT9,1.717
2024-07-27T04:54:23.000000,ZONE8,251.8,DT2,1.513
2024-07-27T04:59:23.000000,ZONE12,252.8,DT9,1.717
2024-07-27T05:06:23.000000,ZONE8,234.9,DT6,1.513
2024-07-27T05:14:23.000000,ZONE12,250.4,DT9,1.717
2024-07-27T05:24:23.000000,ZONE8,272.7,DT2,1.513
2024-07-27T05:37:23.000000,ZONE12,245.4,DT9,1.717
2024-07-27T05:42:23.000000,ZONE8,252.8,DT6,1.513
2024-07-27T05:51:23.000000,ZONE10,238.2,DT31,1.046
2024-07-27T05:56:23.000000,ZONE12,230.6,DT9,1.717
2024-07-27T06:03:23.000000,ZONE8,251.9,DT2,1.513
2024-07-27T06:13:23.000000,ZONE12,242.2,DT9,1.717
2024-07-27T06:16:23.000000,ZONE8,265.7,DT6,1.513
2024-07-27T06:33:23.000000,ZONE12,247.8,DT9,1.717
2024-07-27T06:40:23.000000,ZONE8,249.4,DT2,1.513
2024-07-27T06:50:23.000000,ZONE10,225.8,DT25,1.046
2024-07-27T06:57:23.000000,ZONE8,259.9,DT6,1.513
2024-07-27T07:01:23.000000,ZONE12,246.3,DT9,1.717
2024-07-27T07:13:23.000000,ZONE8,270.7,DT2,1.513
2024-07-27T07:17:23.000000,ZONE12,248.4,DT5,1.717
2024-07-27T07:38:23.000000,ZONE10,251.7,DT8,1.046
2024-07-27T07:45:23.000000,ZONE3,225.8,DT13,2.652
2024-07-27T07:51:23.000000,ZONE3,246.9,DT2,2.652
2024-07-27T07:55:23.000000,ZONE8,251.3,DT19,1.513
2024-07-27T08:03:23.000000,ZONE3,239.0,DT13,2.652
2024-07-27T08:12:23.000000,ZONE3,253.1,DT2,2.652
2024-07-27T08:22:23.000000,ZONE3,251.2,DT3,2.652
2024-07-27T08:26:23.000000,ZONE8,251.6,DT14,1.513
2024-07-27T08:35:23.000000,ZONE3,268.8,DT2,2.652
2024-07-27T08:40:23.000000,ZONE8,261.4,DT19,1.513
2024-07-27T08:45:23.000000,ZONE3,253.7,DT3,2.652
2024-07-27T08:51:23.000000,ZONE3,235.7,DT2,2.652
2024-07-27T08:56:23.000000,ZONE3,260.3,DT32,2.652
2024-07-27T09:07:23.000000,ZONE3,261.8,DT2,2.652
2024-07-27T09:11:23.000000,ZONE8,259.4,DT19,1.513
2024-07-27T09:17:23.000000,ZONE3,246.1,DT29,2.652
2024-07-27T09:22:23.000000,ZONE8,252.6,DT25,1.513
2024-07-27T09:27:23.000000,ZONE3,246.7,DT2,2.652
2024-07-27T09:33:23.000000,ZONE3,247.2,DT29,2.652
2024-07-27T09:42:23.000000,ZONE3,253.0,DT2,2.652
2024-07-27T09:46:23.000000,ZONE8,252.3,DT19,1.513
2024-07-27T10:06:23.000000,ZONE3,238.7,DT29,2.652
2024-07-27T10:29:23.000000,ZONE3,255.2,DT29,2.652
2024-07-27T10:34:23.000000,ZONE8,275.4,DT19,1.513
2024-07-27T10:40:23.000000,ZONE5,244.8,DT6,2.256
2024-07-27T10:47:23.000000,ZONE12,255.2,DT29,1.717
2024-07-27T10:59:23.000000,ZONE15,248.2,DT24,2.043
2024-07-27T11:03:23.000000,ZONE16,260.9,DT17,1.079
2024-07-27T11:10:23.000000,ZONE12,253.9,DT29,1.717
2024-07-27T11:17:23.000000,ZONE5,240.5,DT19,2.256
2024-07-27T11:23:23.000000,ZONE5,237.2,DT6,2.256
2024-07-27T11:29:23.000000,ZONE12,270.1,DT29,1.717
2024-07-27T11:44:23.000000,ZONE12,257.0,DT29,1.717
2024-07-27T11:49:23.000000,ZONE5,243.4,DT19,2.256
2024-07-27T12:00:23.000000,ZONE5,257.5,DT30,2.256
2024-07-27T12:04:23.000000,ZONE12,249.9,DT29,1.717
2024-07-27T12:21:23.000000,ZONE5,253.3,DT6,2.256
2024-07-27T12:28:23.000000,ZONE12,259.2,DT29,1.717
2024-07-27T12:36:23.000000,ZONE5,255.3,DT19,2.256
2024-07-27T12:44:23.000000,ZONE12,236.9,DT29,1.717
2024-07-27T12:53:23.000000,ZONE5,268.3,DT6,2.256
2024-07-27T13:06:23.000000,ZONE12,254.2,DT29,1.717
2024-07-27T13:12:23.000000,ZONE5,260.5,DT19,2.256
2024-07-27T13:23:23.000000,ZONE5,252.7,DT30,2.256
2024-07-27T13:31:23.000000,ZONE12,259.5,DT5,1.717
2024-07-27T13:37:23.000000,ZONE5,263.8,DT6,2.256
2024-07-27T13:46:23.000000,ZONE12,253.2,DT5,1.717
2024-07-27T13:52:23.000000,ZONE14,238.3,DT11,4.062
2024-07-27T14:15:23.000000,ZONE5,252.6,DT19,2.256
2024-07-27T15:21:23.000000,ZONE17,227.9,DT5,2.917
2024-07-27T15:31:23.000000,ZONE17,250.5,DT5,2.917
2024-07-27T15:39:23.000000,ZONE5,242.2,DT21,2.256
2024-07-27T15:46:23.000000,ZONE17,251.5,DT32,2.917
2024-07-27T15:57:23.000000,ZONE17,253.2,DT32,2.917
2024-07-27T16:01:23.000000,ZONE5,247.7,DT30,2.256
2024-07-27T16:12:23.000000,ZONE5,252.2,DT26,2.256
2024-07-27T16:20:23.000000,ZONE17,246.1,DT32,2.917
2024-07-27T16:30:23.000000,ZONE5,247.7,DT30,2.256
2024-07-27T16:36:23.000000,ZONE17,252.6,DT32,2.917
2024-07-27T16:45:23.000000,ZONE5,252.3,DT26,2.256
2024-07-27T16:50:23.000000,ZONE17,269.1,DT32,2.917
2024-07-27T17:01:23.000000,ZONE17,252.1,DT32,2.917
2024-07-27T17:06:23.000000,ZONE5,249.7,DT30,2.256
2024-07-27T17:35:23.000000,ZONE17,240.4,DT32,2.917
2024-07-27T17:41:23.000000,ZONE5,248.2,DT26,2.256
2024-07-27T17:49:23.000000,ZONE17,242.2,DT32,2.917
2024-07-27T18:00:23.000000,ZONE17,248.7,DT32,2.917
2024-07-27T18:06:23.000000,ZONE18,250.6,DT30,3.306
2024-07-27T18:13:23.000000,ZONE17,247.3,DT32,2.917
2024-07-27T18:20:23.000000,ZONE18,263.3,DT26,3.306
2024-07-27T18:28:23.000000,ZONE17,241.5,DT32,2.917
2024-07-27T18:40:23.000000,ZONE17,253.0,DT32,2.917
2024-07-27T18:45:23.000000,ZONE18,250.6,DT30,3.306
2024-07-27T18:56:23.000000,ZONE17,237.2,DT32,2.917
2024-07-27T19:00:23.000000,ZONE18,250.3,DT26,3.306
2024-07-27T19:08:23.000000,ZONE17,236.5,DT32,2.917
2024-07-27T19:22:23.000000,ZONE17,240.7,DT32,2.917
2024-07-27T19:28:23.000000,ZONE18,268.7,DT30,3.306
2024-07-27T19:33:23.000000,ZONE17,245.4,DT32,2.917
2024-07-27T19:40:23.000000,ZONE18,255.3,DT26,3.306
2024-07-27T19:49:23.000000,ZONE17,238.1,DT32,2.917
2024-07-27T20:00:23.000000,ZONE17,234.1,DT32,2.917
2024-07-27T20:05:23.000000,ZONE18,233.6,DT30,3.306
2024-07-27T20:11:23.000000,ZONE17,251.4,DT32,2.917
2024-07-27T20:19:23.000000,ZONE18,254.3,DT26,3.306
2024-07-27T20:26:23.000000,ZONE17,256.4,DT32,2.917
2024-07-27T20:36:23.000000,ZONE17,245.8,DT32,2.917
2024-07-27T20:41:23.000000,ZONE18,256.5,DT30,3.306
2024-07-27T20:54:23.000000,ZONE17,245.5,DT32,2.917
2024-07-27T20:59:23.000000,ZONE18,254.4,DT26,3.306
2024-07-27T21:09:23.000000,ZONE17,248.6,DT32,2.917
2024-07-27T21:19:23.000000,ZONE17,248.4,DT32,2.917
2024-07-27T21:24:23.000000,ZONE18,250.6,DT30,3.306
2024-07-27T21:32:23.000000,ZONE17,257.6,DT22,2.917
2024-07-27T21:39:23.000000,ZONE18,251.1,DT26,3.306
2024-07-27T21:47:23.000000,ZONE17,244.8,DT22,2.917
2024-07-27T21:57:23.000000,ZONE17,239.4,DT22,2.917
2024-07-27T22:22:23.000000,ZONE17,244.2,DT22,2.917
2024-07-27T22:39:23.000000,ZONE2,246.5,DT30,3.059
2024-07-27T22:54:23.000000,ZONE2,249.7,DT30,3.059
2024-07-27T23:00:23.000000,ZONE2,258.4,DT14,3.059
2024-07-27T23:04:23.000000,ZONE5,237.4,DT32,2.256
2024-07-27T23:10:23.000000,ZONE2,251.2,DT30,3.059
2024-07-27T23:43:23.000000,ZONE5,261.5,DT9,2.256
2024-07-27T23:48:23.000000,ZONE2,238.2,DT30,3.059
2024-07-28T00:01:23.000000,ZONE2,243.9,DT30,3.059
2024-07-28T00:13:23.000000,ZONE5,257.3,DT32,2.256
2024-07-28T00:16:23.000000,ZONE2,259.7,DT30,3.059
2024-07-28T00:23:23.000000,ZONE5,269.3,DT9,2.256
2024-07-28T00:30:23.000000,ZONE2,262.7,DT30,3.059
2024-07-28T00:36:23.000000,ZONE2,259.1,DT25,3.059
2024-07-28T00:55:23.000000,ZONE5,264.399,DT32,2.256
2024-07-28T01:00:23.000000,ZONE3,251.7,DT25,2.652
2024-07-28T01:05:23.000000,ZONE5,237.4,DT9,2.256
2024-07-28T01:10:23.000000,ZONE3,252.1,DT6,2.652
2024-07-28T01:16:23.000000,ZONE3,243.0,DT25,2.652
2024-07-28T01:23:23.000000,ZONE3,247.0,DT6,2.652
2024-07-28T01:31:23.000000,ZONE3,260.6,DT25,2.652
2024-07-28T01:35:23.000000,ZONE5,254.5,DT32,2.256
2024-07-28T01:41:23.000000,ZONE5,245.6,DT9,2.256
2024-07-28T01:46:23.000000,ZONE3,241.4,DT28,2.652
2024-07-28T01:51:23.000000,ZONE3,250.8,DT25,2.652
2024-07-28T02:01:23.000000,ZONE3,261.5,DT6,2.652
2024-07-28T02:08:23.000000,ZONE3,248.1,DT25,2.652
2024-07-28T02:18:23.000000,ZONE6,251.2,DT32,2.385
2024-07-28T02:23:23.000000,ZONE3,250.8,DT6,2.652
2024-07-28T02:30:23.000000,ZONE6,260.6,DT9,2.385
2024-07-28T02:35:23.000000,ZONE3,242.8,DT25,2.652
2024-07-28T02:40:23.000000,ZONE3,259.0,DT6,2.652
2024-07-28T02:50:23.000000,ZONE3,247.9,DT25,2.652
2024-07-28T02:54:23.000000,ZONE6,257.5,DT32,2.385
2024-07-28T02:59:23.000000,ZONE3,243.8,DT6,2.652
2024-07-28T03:08:23.000000,ZONE3,238.6,DT25,2.652
2024-07-28T03:12:23.000000,ZONE6,266.7,DT9,2.385
2024-07-28T03:17:23.000000,ZONE3,238.3,DT6,2.652
2024-07-28T03:25:23.000000,ZONE3,262.6,DT25,2.652
2024-07-28T03:30:23.000000,ZONE6,255.5,DT32,2.385
2024-07-28T03:35:23.000000,ZONE3,255.8,DT6,2.652
2024-07-28T03:41:23.000000,ZONE3,240.5,DT25,2.652
2024-07-28T03:46:23.000000,ZONE6,237.2,DT9,2.385
2024-07-28T03:51:23.000000,ZONE3,250.9,DT6,2.652
2024-07-28T04:00:23.000000,ZONE3,255.7,DT25,2.652
2024-07-28T04:04:23.000000,ZONE6,250.4,DT32,2.385
2024-07-28T04:09:23.000000,ZONE3,258.7,DT6,2.652
2024-07-28T04:14:23.000000,ZONE3,256.9,DT25,2.652
2024-07-28T04:19:23.000000,ZONE6,231.6,DT9,2.385
2024-07-28T04:29:23.000000,ZONE3,272.0,DT6,2.652
2024-07-28T04:34:23.000000,ZONE3,261.0,DT25,2.652
2024-07-28T04:41:23.000000,ZONE6,242.1,DT32,2.385
2024-07-28T04:45:23.000000,ZONE3,267.899,DT6,2.652
2024-07-28T04:51:23.000000,ZONE3,261.9,DT25,2.652
2024-07-28T04:59:23.000000,ZONE6,226.6,DT9,2.385
2024-07-28T05:03:23.000000,ZONE3,253.9,DT6,2.652
2024-07-28T05:08:23.000000,ZONE3,255.4,DT25,2.652
2024-07-28T05:13:23.000000,ZONE6,237.2,DT29,2.385
2024-07-28T05:18:23.000000,ZONE6,246.4,DT32,2.385
2024-07-28T05:27:23.000000,ZONE3,258.8,DT6,2.652
2024-07-28T05:41:23.000000,ZONE3,253.8,DT25,2.652
2024-07-28T05:45:23.000000,ZONE6,252.4,DT9,2.385
2024-07-28T05:58:23.000000,ZONE3,244.2,DT6,2.652
2024-07-28T06:04:23.000000,ZONE6,265.899,DT29,2.385
2024-07-28T06:09:23.000000,ZONE3,248.2,DT9,2.652
2024-07-28T06:19:23.000000,ZONE4,238.1,DT32,2.547
2024-07-28T06:23:23.000000,ZONE4,252.8,DT25,2.547
2024-07-28T06:28:23.000000,ZONE3,248.6,DT9,2.652
2024-07-28T06:37:23.000000,ZONE4,240.4,DT5,2.547
2024-07-28T06:41:23.000000,ZONE4,246.0,DT29,2.547
2024-07-28T06:44:23.000000,ZONE14,248.1,DT10,4.062
2024-07-28T06:47:23.000000,ZONE4,240.8,DT16,2.547
2024-07-28T06:55:23.000000,ZONE1,243.5,DT9,3.049
2024-07-28T06:58:23.000000,ZONE4,246.7,DT2,2.547
2024-07-28T07:01:23.000000,ZONE1,243.4,DT5,3.049
2024-07-28T07:03:23.000000,ZONE4,235.3,DT32,2.547
2024-07-28T07:07:23.000000,ZONE4,263.6,DT25,2.547
2024-07-28T07:17:23.000000,ZONE4,259.9,DT10,2.547
2024-07-28T07:20:23.000000,ZONE1,239.2,DT9,3.049
2024-07-28T07:23:23.000000,ZONE4,245.9,DT16,2.547
2024-07-28T07:26:23.000000,ZONE1,251.6,DT5,3.049
2024-07-28T07:29:23.000000,ZONE4,234.8,DT2,2.547
2024-07-28T07:33:23.000000,ZONE1,255.3,DT9,3.049
2024-07-28T07:36:23.000000,ZONE4,273.5,DT32,2.547
2024-07-28T07:41:23.000000,ZONE4,252.8,DT25,2.547
2024-07-28T07:49:23.000000,ZONE1,254.2,DT5,3.049
2024-07-28T07:53:23.000000,ZONE4,245.9,DT10,2.547
2024-07-28T07:59:23.000000,ZONE4,256.6,DT20,2.547
2024-07-28T08:06:23.000000,ZONE1,254.8,DT5,3.049
2024-07-28T08:15:23.000000,ZONE4,264.3,DT32,2.547
2024-07-28T08:24:23.000000,ZONE4,258.5,DT25,2.547
2024-07-28T08:28:23.000000,ZONE1,251.3,DT5,3.049
2024-07-28T08:37:23.000000,ZONE4,247.4,DT20,2.547
2024-07-28T08:41:23.000000,ZONE1,263.3,DT5,3.049
2024-07-28T08:47:23.000000,ZONE4,262.399,DT32,2.547
2024-07-28T08:53:23.000000,ZONE1,271.7,DT5,3.049
2024-07-28T08:57:23.000000,ZONE4,265.5,DT25,2.547
2024-07-28T09:11:23.000000,ZONE1,252.1,DT12,3.049
2024-07-28T09:15:23.000000,ZONE1,257.2,DT5,3.049
2024-07-28T09:32:23.000000,ZONE1,253.2,DT5,3.049
2024-07-28T09:37:23.000000,ZONE4,247.9,DT25,2.547
2024-07-28T09:47:23.000000,ZONE1,241.8,DT5,3.049
2024-07-28T09:52:23.000000,ZONE4,236.4,DT20,2.547
2024-07-28T10:00:23.000000,ZONE1,223.5,DT5,3.049
2024-07-28T10:22:23.000000,ZONE1,265.399,DT5,3.049
2024-07-28T10:28:23.000000,ZONE4,250.6,DT20,2.547
2024-07-28T10:33:23.000000,ZONE17,250.9,DT5,2.917
2024-07-28T10:51:23.000000,ZONE17,241.5,DT5,2.917
2024-07-28T10:57:23.000000,ZONE6,261.2,DT13,2.385
2024-07-28T11:04:23.000000,ZONE17,256.8,DT5,2.917
2024-07-28T11:13:23.000000,ZONE17,256.7,DT5,2.917
2024-07-28T11:17:23.000000,ZONE6,234.8,DT20,2.385
2024-07-28T11:23:23.000000,ZONE17,277.9,DT5,2.917
2024-07-28T11:30:23.000000,ZONE6,247.2,DT17,2.385
2024-07-28T11:34:23.000000,ZONE17,264.5,DT5,2.917
2024-07-28T11:40:23.000000,ZONE6,246.9,DT13,2.385
2024-07-28T11:45:23.000000,ZONE17,269.3,DT5,2.917
2024-07-28T12:03:23.000000,ZONE17,263.6,DT18,2.917
2024-07-28T12:17:23.000000,ZONE17,265.6,DT18,2.917
2024-07-28T12:22:23.000000,ZONE6,249.3,DT13,2.385
2024-07-28T12:28:23.000000,ZONE17,272.3,DT18,2.917
2024-07-28T12:41:23.000000,ZONE17,264.5,DT18,2.917
2024-07-28T12:52:23.000000,ZONE17,266.3,DT18,2.917
2024-07-28T12:58:23.000000,ZONE6,247.0,DT13,2.385
2024-07-28T13:03:23.000000,ZONE17,270.6,DT18,2.917
2024-07-28T13:13:23.000000,ZONE17,257.3,DT18,2.917
2024-07-28T13:17:23.000000,ZONE6,253.6,DT25,2.385
2024-07-28T13:24:23.000000,ZONE17,270.5,DT18,2.917
2024-07-28T13:28:23.000000,ZONE6,239.1,DT32,2.385
2024-07-28T13:59:23.000000,ZONE6,236.2,DT13,2.385
2024-07-28T14:04:23.000000,ZONE17,260.399,DT18,2.917
2024-07-28T14:22:23.000000,ZONE17,257.5,DT18,2.917
2024-07-28T14:28:23.000000,ZONE6,254.4,DT32,2.385
2024-07-28T14:34:23.000000,ZONE6,258.6,DT25,2.385
2024-07-28T14:39:23.000000,ZONE6,236.2,DT13,2.385
2024-07-28T15:01:23.000000,ZONE6,275.3,DT32,2.385
2024-07-28T15:18:23.000000,ZONE6,242.3,DT24,2.385
2024-07-28T15:29:23.000000,ZONE6,250.8,DT25,2.385
2024-07-28T15:34:23.000000,ZONE6,237.7,DT6,2.385
2024-07-28T15:39:23.000000,ZONE6,245.3,DT32,2.385
2024-07-28T15:53:23.000000,ZONE6,251.2,DT21,2.385
2024-07-28T15:57:23.000000,ZONE6,256.6,DT4,2.385
2024-07-28T16:22:23.000000,ZONE6,250.9,DT25,2.385
2024-07-28T16:31:23.000000,ZONE6,253.3,DT24,2.385
2024-07-28T16:35:23.000000,ZONE6,243.2,DT21,2.385
2024-07-28T16:55:23.000000,ZONE6,249.0,DT25,2.385
2024-07-28T17:07:23.000000,ZONE6,235.9,DT6,2.385
2024-07-28T17:11:23.000000,ZONE6,252.1,DT24,2.385
2024-07-28T17:19:23.000000,ZONE6,260.3,DT21,2.385
2024-07-28T17:36:23.000000,ZONE6,265.5,DT25,2.385
2024-07-28T17:47:23.000000,ZONE6,267.1,DT24,2.385
2024-07-28T17:51:23.000000,ZONE6,244.4,DT21,2.385
2024-07-28T18:10:23.000000,ZONE6,256.6,DT25,2.385
2024-07-28T18:22:23.000000,ZONE6,275.1,DT24,2.385
2024-07-28T18:54:23.000000,ZONE4,267.4,DT24,2.547
2024-07-28T19:07:23.000000,ZONE6,269.1,DT21,2.385
2024-07-28T19:20:23.000000,ZONE4,243.7,DT25,2.547
2024-07-28T19:26:23.000000,ZONE4,249.2,DT24,2.547
2024-07-28T19:39:23.000000,ZONE4,252.3,DT21,2.547
2024-07-28T19:57:23.000000,ZONE4,247.7,DT25,2.547
2024-07-28T20:05:23.000000,ZONE4,238.8,DT6,2.547
2024-07-28T20:14:23.000000,ZONE4,251.2,DT24,2.547
2024-07-28T20:19:23.000000,ZONE4,257.399,DT21,2.547
2024-07-28T20:34:23.000000,ZONE4,256.9,DT25,2.547
2024-07-28T20:38:23.000000,ZONE4,246.7,DT6,2.547
2024-07-28T20:50:23.000000,ZONE4,249.3,DT21,2.547
2024-07-28T21:00:23.000000,ZONE15,247.0,DT17,2.043
2024-07-28T21:04:23.000000,ZONE4,270.2,DT24,2.547
2024-07-28T21:10:23.000000,ZONE4,269.7,DT25,2.547
2024-07-28T21:16:23.000000,ZONE4,270.8,DT6,2.547
2024-07-28T21:22:23.000000,ZONE4,278.7,DT2,2.547
2024-07-28T21:33:23.000000,ZONE4,272.0,DT21,2.547
2024-07-28T21:39:23.000000,ZONE4,272.6,DT25,2.547
2024-07-28T22:41:23.000000,ZONE17,244.8,DT6,2.917
2024-07-28T22:47:23.000000,ZONE6,263.3,DT21,2.385
2024-07-28T22:52:23.000000,ZONE6,250.5,DT25,2.385
2024-07-28T23:07:23.000000,ZONE17,259.2,DT4,2.917
2024-07-28T23:17:23.000000,ZONE6,256.9,DT6,2.385
2024-07-28T23:23:23.000000,ZONE6,263.1,DT24,2.385
2024-07-28T23:27:23.000000,ZONE15,221.5,DT32,2.043
2024-07-28T23:31:23.000000,ZONE17,228.4,DT12,2.917
2024-07-28T23:36:23.000000,ZONE17,257.3,DT6,2.917
2024-07-28T23:45:23.000000,ZONE17,244.6,DT12,2.917
2024-07-28T23:48:23.000000,ZONE6,245.2,DT29,2.385
2024-07-28T23:58:23.000000,ZONE6,242.3,DT31,2.385
2024-07-29T00:01:23.000000,ZONE17,230.6,DT6,2.917
2024-07-29T00:05:23.000000,ZONE6,252.3,DT11,2.385
2024-07-29T00:10:23.000000,ZONE6,261.8,DT16,2.385
2024-07-29T00:21:23.000000,ZONE17,249.3,DT6,2.917
2024-07-29T00:28:23.000000,ZONE6,255.5,DT31,2.385
2024-07-29T00:38:23.000000,ZONE6,257.1,DT25,2.385
2024-07-29T00:43:23.000000,ZONE6,271.9,DT16,2.385
2024-07-29T00:47:23.000000,ZONE6,260.3,DT21,2.385
2024-07-29T00:57:23.000000,ZONE6,274.8,DT6,2.385
2024-07-29T01:05:23.000000,ZONE6,245.5,DT31,2.385
2024-07-29T01:11:23.000000,ZONE2,253.7,DT26,3.059
2024-07-29T01:15:23.000000,ZONE6,260.8,DT16,2.385
2024-07-29T01:21:23.000000,ZONE6,256.1,DT11,2.385
2024-07-29T01:26:23.000000,ZONE2,244.6,DT26,3.059
2024-07-29T01:31:23.000000,ZONE6,248.7,DT6,2.385
2024-07-29T01:37:23.000000,ZONE2,255.3,DT16,3.059
2024-07-29T01:46:23.000000,ZONE6,254.4,DT31,2.385
2024-07-29T01:50:23.000000,ZONE2,253.3,DT16,3.059
2024-07-29T01:55:23.000000,ZONE6,251.3,DT11,2.385
2024-07-29T02:07:23.000000,ZONE2,234.5,DT16,3.059
2024-07-29T03:10:23.000000,ZONE6,244.6,DT31,2.385
2024-07-29T03:15:23.000000,ZONE6,242.3,DT11,2.385
2024-07-29T03:23:23.000000,ZONE2,245.2,DT31,3.059
2024-07-29T03:34:23.000000,ZONE6,254.0,DT6,2.385
2024-07-29T03:38:23.000000,ZONE2,241.0,DT31,3.059
2024-07-29T03:43:23.000000,ZONE6,255.1,DT26,2.385
2024-07-29T03:48:23.000000,ZONE6,248.2,DT11,2.385
2024-07-29T04:01:23.000000,ZONE2,245.6,DT31,3.059
2024-07-29T04:13:23.000000,ZONE6,242.6,DT6,2.385
2024-07-29T04:23:23.000000,ZONE6,240.3,DT26,2.385
2024-07-29T04:28:23.000000,ZONE6,259.8,DT2,2.385
2024-07-29T04:34:23.000000,ZONE6,244.4,DT11,2.385
2024-07-29T04:44:23.000000,ZONE6,235.3,DT31,2.385
2024-07-29T04:50:23.000000,ZONE6,238.9,DT6,2.385
2024-07-29T04:54:23.000000,ZONE6,230.2,DT26,2.385
2024-07-29T05:10:23.000000,ZONE6,255.2,DT11,2.385
2024-07-29T05:14:23.000000,ZONE6,256.2,DT31,2.385
2024-07-29T05:23:23.000000,ZONE6,256.6,DT6,2.385
2024-07-29T05:32:23.000000,ZONE6,242.2,DT26,2.385
2024-07-29T05:50:23.000000,ZONE6,252.5,DT20,2.385
2024-07-29T06:17:23.000000,ZONE6,257.4,DT11,2.385
2024-07-29T06:36:23.000000,ZONE6,232.4,DT31,2.385
2024-07-29T06:41:23.000000,ZONE6,243.7,DT6,2.385
2024-07-29T06:48:23.000000,ZONE6,251.2,DT11,2.385
2024-07-29T07:05:23.000000,ZONE6,255.7,DT20,2.385
2024-07-29T07:15:23.000000,ZONE2,249.3,DT5,3.059
2024-07-29T07:34:23.000000,ZONE6,246.0,DT6,2.385
2024-07-29T07:38:23.000000,ZONE2,234.9,DT5,3.059
2024-07-29T07:43:23.000000,ZONE6,230.4,DT20,2.385
2024-07-29T07:53:23.000000,ZONE2,251.8,DT5,3.059
2024-07-29T07:57:23.000000,ZONE6,217.5,DT31,2.385
2024-07-29T08:01:23.000000,ZONE6,237.3,DT11,2.385
2024-07-29T08:15:23.000000,ZONE2,256.7,DT5,3.059
2024-07-29T08:19:23.000000,ZONE6,252.8,DT6,2.385
2024-07-29T08:30:23.000000,ZONE6,230.6,DT20,2.385
2024-07-29T08:34:23.000000,ZONE17,243.0,DT5,2.917
2024-07-29T08:39:23.000000,ZONE6,237.1,DT11,2.385
2024-07-29T08:45:23.000000,ZONE17,243.3,DT5,2.917
2024-07-29T08:50:23.000000,ZONE6,237.5,DT31,2.385
2024-07-29T08:57:23.000000,ZONE17,236.3,DT5,2.917
2024-07-29T09:08:23.000000,ZONE17,245.3,DT31,2.917
2024-07-29T09:11:23.000000,ZONE4,228.7,DT20,2.547
2024-07-29T09:16:23.000000,ZONE19,235.0,DT8,2.052
2024-07-29T09:19:23.000000,ZONE4,241.2,DT11,2.547
2024-07-29T09:26:23.000000,ZONE17,237.5,DT17,2.917
2024-07-29T09:36:23.000000,ZONE4,236.6,DT5,2.547
2024-07-29T09:40:23.000000,ZONE17,254.4,DT17,2.917
2024-07-29T09:45:23.000000,ZONE4,258.6,DT31,2.547
2024-07-29T09:50:23.000000,ZONE4,259.5,DT20,2.547
2024-07-29T09:56:23.000000,ZONE17,243.0,DT5,2.917
2024-07-29T10:01:23.000000,ZONE4,270.9,DT8,2.547
2024-07-29T10:07:23.000000,ZONE17,248.0,DT17,2.917
2024-07-29T10:17:23.000000,ZONE17,254.4,DT5,2.917
2024-07-29T10:29:23.000000,ZONE4,263.7,DT20,2.547
2024-07-29T10:35:23.000000,ZONE17,258.899,DT17,2.917
2024-07-29T10:43:23.000000,ZONE4,269.7,DT8,2.547
2024-07-29T10:56:23.000000,ZONE4,240.3,DT11,2.547
2024-07-29T11:23:23.000000,ZONE19,227.6,DT14,2.052
2024-07-29T11:40:23.000000,ZONE4,246.9,DT8,2.547
2024-07-29T11:52:23.000000,ZONE4,263.399,DT11,2.547
2024-07-29T12:04:23.000000,ZONE4,266.5,DT20,2.547
2024-07-29T12:16:23.000000,ZONE4,252.0,DT8,2.547
2024-07-29T12:32:23.000000,ZONE4,265.3,DT11,2.547
2024-07-29T12:40:23.000000,ZONE4,263.7,DT20,2.547
2024-07-29T12:55:23.000000,ZONE4,247.0,DT8,2.547
2024-07-29T13:04:23.000000,ZONE4,259.399,DT11,2.547
2024-07-29T13:40:23.000000,ZONE4,259.3,DT11,2.547
2024-07-29T13:57:23.000000,ZONE4,255.6,DT20,2.547
2024-07-29T13:28:23.000000,ZONE4,252.9,DT8,2.547
2024-07-29T13:16:23.000000,ZONE4,251.5,DT20,2.547
2024-07-29T14:14:23.000000,ZONE4,242.8,DT8,2.547
2024-07-29T14:22:23.000000,ZONE4,255.3,DT11,2.547
2024-07-29T14:33:23.000000,ZONE4,249.6,DT20,2.547
2024-07-29T14:45:23.000000,ZONE4,272.8,DT8,2.547
2024-07-29T14:57:23.000000,ZONE17,259.8,DT3,2.917
2024-07-29T15:19:23.000000,ZONE4,263.1,DT11,2.547
2024-07-29T15:28:23.000000,ZONE17,268.6,DT3,2.917
2024-07-29T15:39:23.000000,ZONE17,262.1,DT3,2.917
2024-07-29T15:51:23.000000,ZONE17,254.4,DT3,2.917
2024-07-29T16:03:23.000000,ZONE17,269.3,DT3,2.917
2024-07-29T16:15:23.000000,ZONE17,256.4,DT3,2.917
2024-07-29T16:28:23.000000,ZONE17,266.3,DT32,2.917
2024-07-29T16:41:23.000000,ZONE17,259.0,DT32,2.917
2024-07-29T16:52:23.000000,ZONE4,248.0,DT29,2.547
2024-07-29T17:03:23.000000,ZONE17,261.1,DT32,2.917
2024-07-29T17:03:23.000000,ZONE17,263.2,DT32,2.917
2024-07-29T17:03:23.000000,ZONE17,262.7,DT32,2.917
2024-07-29T17:33:23.000000,ZONE4,257.1,DT29,2.547
2024-07-29T17:46:23.000000,ZONE17,251.3,DT32,2.917
2024-07-29T18:00:23.000000,ZONE17,253.2,DT32,2.917
2024-07-29T18:15:23.000000,ZONE17,259.0,DT32,2.917
2024-07-29T18:29:23.000000,ZONE17,257.9,DT12,2.917
2024-07-29T18:43:23.000000,ZONE17,266.399,DT12,2.917
2024-07-29T18:59:23.000000,ZONE17,260.0,DT12,2.917
2024-07-29T19:13:23.000000,ZONE17,264.0,DT12,2.917
2024-07-29T19:28:23.000000,ZONE17,266.5,DT12,2.917
2024-07-29T19:42:23.000000,ZONE17,252.8,DT12,2.917
2024-07-29T19:56:23.000000,ZONE17,256.9,DT12,2.917
2024-07-29T20:15:23.000000,ZONE17,262.3,DT9,2.917
2024-07-29T20:28:23.000000,ZONE17,253.1,DT9,2.917
2024-07-29T20:42:23.000000,ZONE17,250.4,DT9,2.917
2024-07-29T20:56:23.000000,ZONE17,242.8,DT9,2.917
2024-07-29T21:09:23.000000,ZONE17,259.2,DT9,2.917
2024-07-29T22:14:23.000000,ZONE17,250.3,DT8,2.917
2024-07-29T22:21:23.000000,ZONE17,248.3,DT32,2.917
2024-07-29T22:30:23.000000,ZONE17,253.7,DT17,2.917
2024-07-29T22:37:23.000000,ZONE17,242.1,DT32,2.917
2024-07-29T22:46:23.000000,ZONE17,251.7,DT17,2.917
2024-07-29T22:53:23.000000,ZONE17,249.9,DT32,2.917
2024-07-29T23:02:23.000000,ZONE17,248.5,DT17,2.917
2024-07-29T23:11:23.000000,ZONE17,253.9,DT32,2.917
2024-07-29T23:17:23.000000,ZONE17,233.1,DT17,2.917
2024-07-29T23:23:23.000000,ZONE17,250.5,DT32,2.917
2024-07-29T23:32:23.000000,ZONE17,246.2,DT17,2.917
2024-07-29T23:39:23.000000,ZONE17,252.1,DT32,2.917
2024-07-29T23:46:23.000000,ZONE17,241.1,DT17,2.917
2024-07-29T23:55:23.000000,ZONE17,255.6,DT32,2.917
2024-07-30T00:04:23.000000,ZONE17,243.9,DT17,2.917
2024-07-30T00:15:23.000000,ZONE17,239.6,DT32,2.917
2024-07-30T00:22:23.000000,ZONE17,234.0,DT17,2.917
2024-07-30T00:28:23.000000,ZONE17,236.5,DT32,2.917
2024-07-30T00:38:23.000000,ZONE17,243.3,DT17,2.917
2024-07-30T00:53:23.000000,ZONE6,231.1,DT26,2.385
2024-07-30T02:32:23.000000,ZONE6,253.9,DT16,2.385
2024-07-30T02:36:23.000000,ZONE6,263.899,DT6,2.385
2024-07-30T02:41:23.000000,ZONE2,250.6,DT3,3.059
2024-07-30T02:57:23.000000,ZONE2,235.4,DT3,3.059
2024-07-30T03:05:23.000000,ZONE6,252.0,DT16,2.385
2024-07-30T03:09:23.000000,ZONE2,249.9,DT17,3.059
2024-07-30T03:15:23.000000,ZONE6,234.1,DT15,2.385
2024-07-30T03:19:23.000000,ZONE2,231.0,DT3,3.059
2024-07-30T03:24:23.000000,ZONE6,249.2,DT10,2.385
2024-07-30T03:40:23.000000,ZONE6,227.9,DT6,2.385
2024-07-30T03:44:23.000000,ZONE2,251.9,DT3,3.059
2024-07-30T03:53:23.000000,ZONE6,222.3,DT15,2.385
2024-07-30T03:57:23.000000,ZONE2,229.6,DT6,3.059
2024-07-30T04:02:23.000000,ZONE6,253.9,DT17,2.385
2024-07-30T04:07:23.000000,ZONE2,234.2,DT3,3.059
2024-07-30T04:22:23.000000,ZONE6,236.0,DT10,2.385
2024-07-30T04:27:23.000000,ZONE5,239.7,DT33,2.256
2024-07-30T04:32:23.000000,ZONE5,248.3,DT19,2.256
2024-07-30T04:37:23.000000,ZONE6,244.9,DT16,2.385
2024-07-30T04:41:23.000000,ZONE2,251.0,DT20,3.059
2024-07-30T04:45:23.000000,ZONE5,233.9,DT17,2.256
2024-07-30T04:49:23.000000,ZONE5,251.5,DT15,2.256
2024-07-30T04:52:23.000000,ZONE5,253.7,DT3,2.256
2024-07-30T04:58:23.000000,ZONE5,257.5,DT33,2.256
2024-07-30T05:02:23.000000,ZONE5,268.399,DT19,2.256
2024-07-30T05:07:23.000000,ZONE2,253.2,DT3,3.059
2024-07-30T05:09:23.000000,ZONE6,244.9,DT10,2.385
2024-07-30T05:17:23.000000,ZONE6,246.8,DT16,2.385
2024-07-30T05:19:23.000000,ZONE5,242.5,DT20,2.256
2024-07-30T05:23:23.000000,ZONE6,227.9,DT17,2.385
2024-07-30T05:26:23.000000,ZONE2,250.7,DT3,3.059
2024-07-30T05:39:23.000000,ZONE6,239.2,DT15,2.385
2024-07-30T05:42:23.000000,ZONE5,260.6,DT33,2.256
2024-07-30T05:48:23.000000,ZONE6,244.9,DT10,2.385
2024-07-30T05:55:23.000000,ZONE3,243.4,DT3,2.652
2024-07-30T06:00:23.000000,ZONE6,248.9,DT16,2.385
2024-07-30T06:05:23.000000,ZONE2,262.1,DT15,3.059
2024-07-30T06:11:23.000000,ZONE6,255.2,DT17,2.385
2024-07-30T06:16:23.000000,ZONE2,261.2,DT3,3.059
2024-07-30T06:22:23.000000,ZONE6,245.2,DT10,2.385
2024-07-30T06:27:23.000000,ZONE2,249.5,DT15,3.059
2024-07-30T06:33:23.000000,ZONE2,258.6,DT3,3.059
2024-07-30T06:38:23.000000,ZONE6,249.9,DT16,2.385
2024-07-30T06:44:23.000000,ZONE6,244.9,DT17,2.385
2024-07-30T06:49:23.000000,ZONE2,238.4,DT15,3.059
2024-07-30T06:54:23.000000,ZONE2,256.8,DT3,3.059
2024-07-30T07:02:23.000000,ZONE6,241.9,DT10,2.385
2024-07-30T07:07:23.000000,ZONE2,251.4,DT3,3.059
2024-07-30T07:12:23.000000,ZONE6,234.0,DT16,2.385
2024-07-30T07:17:23.000000,ZONE6,250.9,DT17,2.385
2024-07-30T07:22:23.000000,ZONE2,253.8,DT10,3.059
2024-07-30T07:27:23.000000,ZONE2,245.2,DT3,3.059
2024-07-30T07:35:23.000000,ZONE2,235.5,DT10,3.059
2024-07-30T07:41:23.000000,ZONE2,246.1,DT3,3.059
2024-07-30T07:45:23.000000,ZONE6,247.0,DT16,2.385
2024-07-30T07:50:23.000000,ZONE2,228.9,DT10,3.059
2024-07-30T07:56:23.000000,ZONE6,250.2,DT17,2.385
2024-07-30T08:01:23.000000,ZONE2,233.3,DT3,3.059
2024-07-30T08:06:23.000000,ZONE2,264.7,DT10,3.059
2024-07-30T08:15:23.000000,ZONE2,246.9,DT3,3.059
2024-07-30T08:19:23.000000,ZONE6,263.0,DT16,2.385
2024-07-30T08:26:23.000000,ZONE6,260.9,DT17,2.385
2024-07-30T08:30:23.000000,ZONE2,244.5,DT3,3.059
2024-07-30T08:38:23.000000,ZONE6,252.1,DT10,2.385
2024-07-30T08:44:23.000000,ZONE2,248.4,DT3,3.059
2024-07-30T08:51:23.000000,ZONE6,260.0,DT16,2.385
2024-07-30T08:57:23.000000,ZONE2,246.9,DT3,3.059
2024-07-30T09:00:23.000000,ZONE6,246.9,DT17,2.385
2024-07-30T09:08:23.000000,ZONE6,254.1,DT10,2.385
2024-07-30T09:11:23.000000,ZONE2,261.7,DT3,3.059
2024-07-30T09:20:23.000000,ZONE6,247.2,DT16,2.385
2024-07-30T09:25:23.000000,ZONE2,247.2,DT3,3.059
2024-07-30T09:30:23.000000,ZONE6,239.2,DT17,2.385
2024-07-30T09:38:23.000000,ZONE2,256.0,DT3,3.059
2024-07-30T09:42:23.000000,ZONE6,261.1,DT10,2.385
2024-07-30T11:12:23.000000,ZONE2,258.1,DT16,3.059
2024-07-30T11:26:23.000000,ZONE2,258.6,DT16,3.059
2024-07-30T11:39:23.000000,ZONE1,248.3,DT16,3.049
2024-07-30T11:50:23.000000,ZONE1,246.3,DT16,3.049
2024-07-30T12:01:23.000000,ZONE1,231.7,DT16,3.049
2024-07-30T12:13:23.000000,ZONE1,256.1,DT16,3.049
2024-07-30T12:23:23.000000,ZONE1,250.3,DT6,3.049
2024-07-30T12:39:23.000000,ZONE1,251.1,DT6,3.049
2024-07-30T12:52:23.000000,ZONE1,241.3,DT6,3.049
2024-07-30T13:03:23.000000,ZONE1,258.3,DT7,3.049
2024-07-30T13:17:23.000000,ZONE1,254.3,DT7,3.049
2024-07-30T13:30:23.000000,ZONE1,256.6,DT7,3.049
2024-07-30T13:44:23.000000,ZONE1,258.4,DT7,3.049
2024-07-30T13:59:23.000000,ZONE1,245.7,DT7,3.049
2024-07-30T14:14:23.000000,ZONE1,235.6,DT7,3.049
2024-07-30T14:27:23.000000,ZONE1,247.7,DT7,3.049
2024-07-30T14:40:23.000000,ZONE1,236.4,DT7,3.049
2024-07-30T14:54:23.000000,ZONE1,248.4,DT7,3.049
2024-07-30T15:07:23.000000,ZONE1,234.1,DT7,3.049
2024-07-30T15:21:23.000000,ZONE1,240.4,DT7,3.049
2024-07-30T15:35:23.000000,ZONE1,242.0,DT7,3.049
2024-07-30T15:45:23.000000,ZONE1,244.9,DT7,3.049
2024-07-30T16:04:23.000000,ZONE20,206.2,DT26,4.093
2024-07-30T16:22:23.000000,ZONE4,263.3,DT19,2.547
2024-07-30T16:38:23.000000,ZONE4,242.9,DT33,2.547
2024-07-30T16:53:23.000000,ZONE4,251.2,DT19,2.547
2024-07-30T17:08:23.000000,ZONE4,244.7,DT33,2.547
2024-07-30T17:22:23.000000,ZONE4,265.3,DT19,2.547
2024-07-30T17:37:23.000000,ZONE4,249.5,DT33,2.547
2024-07-30T17:57:23.000000,ZONE4,256.3,DT19,2.547
2024-07-30T18:11:23.000000,ZONE4,250.8,DT33,2.547
2024-07-30T18:30:23.000000,ZONE4,250.3,DT19,2.547
2024-07-30T18:40:23.000000,ZONE4,257.8,DT33,2.547
2024-07-30T18:58:23.000000,ZONE4,254.3,DT19,2.547
2024-07-30T19:08:23.000000,ZONE4,260.6,DT33,2.547
2024-07-30T19:21:23.000000,ZONE21,248.3,DT33,3.921
2024-07-30T19:33:23.000000,ZONE21,261.1,DT25,3.921
2024-07-30T19:46:23.000000,ZONE21,255.9,DT25,3.921
2024-07-30T20:00:23.000000,ZONE21,255.0,DT25,3.921
2024-07-30T20:12:23.000000,ZONE21,247.1,DT25,3.921
2024-07-30T20:25:23.000000,ZONE21,259.9,DT25,3.921
2024-07-30T20:38:23.000000,ZONE21,228.7,DT25,3.921
2024-07-30T20:51:23.000000,ZONE21,256.9,DT25,3.921
2024-07-30T21:05:23.000000,ZONE21,253.4,DT25,3.921
2024-07-30T21:10:23.000000,ZONE4,257.8,DT7,2.547
2024-07-30T21:21:23.000000,ZONE21,253.9,DT25,3.921
2024-07-30T21:30:23.000000,ZONE4,264.3,DT26,2.547
2024-07-30T21:38:23.000000,ZONE1,251.7,DT25,3.049
2024-07-30T21:48:23.000000,ZONE1,245.6,DT25,3.049
2024-07-30T22:38:23.000000,ZONE1,254.4,DT9,3.049
2024-07-30T22:52:23.000000,ZONE1,241.9,DT31,3.049
2024-07-30T22:56:23.000000,ZONE4,258.8,DT23,2.547
2024-07-30T23:04:23.000000,ZONE1,242.8,DT9,3.049
2024-07-30T23:50:23.000000,ZONE2,252.3,DT9,3.059
2024-07-30T23:55:23.000000,ZONE4,269.3,DT24,2.547
2024-07-31T00:00:23.000000,ZONE2,260.6,DT31,3.059
2024-07-31T00:06:23.000000,ZONE4,265.7,DT23,2.547
2024-07-31T00:17:23.000000,ZONE2,244.2,DT9,3.059
2024-07-31T00:21:23.000000,ZONE4,241.6,DT22,2.547
2024-07-31T00:24:23.000000,ZONE22,250.5,DT30,1.03
2024-07-31T00:28:23.000000,ZONE4,253.9,DT34,2.547
2024-07-31T00:32:23.000000,ZONE2,250.0,DT31,3.059
2024-07-31T00:35:23.000000,ZONE4,260.2,DT24,2.547
2024-07-31T00:38:23.000000,ZONE2,252.9,DT9,3.059
2024-07-31T00:42:23.000000,ZONE4,248.9,DT23,2.547
2024-07-31T01:00:23.000000,ZONE2,235.9,DT9,3.059
2024-07-31T01:05:23.000000,ZONE4,257.9,DT34,2.547
2024-07-31T01:10:23.000000,ZONE4,256.2,DT31,2.547
2024-07-31T01:15:23.000000,ZONE4,252.2,DT24,2.547
2024-07-31T01:19:23.000000,ZONE2,238.3,DT9,3.059
2024-07-31T01:22:23.000000,ZONE4,250.7,DT23,2.547
2024-07-31T01:35:23.000000,ZONE4,257.1,DT34,2.547
2024-07-31T01:43:23.000000,ZONE4,252.5,DT22,2.547
2024-07-31T01:46:23.000000,ZONE4,259.4,DT31,2.547
2024-07-31T01:50:23.000000,ZONE4,257.399,DT24,2.547
2024-07-31T01:55:23.000000,ZONE4,253.9,DT23,2.547
2024-07-31T01:58:23.000000,ZONE2,244.2,DT9,3.059
2024-07-31T02:46:23.000000,ZONE4,246.3,DT22,2.547
2024-07-31T02:59:23.000000,ZONE2,240.7,DT11,3.059
2024-07-31T03:05:23.000000,ZONE2,226.2,DT22,3.059
2024-07-31T03:11:23.000000,ZONE4,256.5,DT31,2.547
2024-07-31T03:14:23.000000,ZONE2,258.2,DT19,3.059
2024-07-31T03:17:23.000000,ZONE4,248.8,DT23,2.547
2024-07-31T03:25:23.000000,ZONE4,252.1,DT34,2.547
2024-07-31T03:27:23.000000,ZONE2,254.1,DT19,3.059
2024-07-31T03:47:23.000000,ZONE4,234.6,DT14,2.547
2024-07-31T03:49:23.000000,ZONE4,249.3,DT22,2.547
2024-07-31T04:02:23.000000,ZONE4,246.2,DT31,2.547
2024-07-31T04:06:23.000000,ZONE1,244.6,DT22,3.049
2024-07-31T04:14:23.000000,ZONE1,257.7,DT16,3.049
2024-07-31T04:17:23.000000,ZONE4,261.1,DT34,2.547
2024-07-31T04:21:23.000000,ZONE4,249.6,DT14,2.547
2024-07-31T04:41:23.000000,ZONE1,252.7,DT22,3.049
2024-07-31T04:45:23.000000,ZONE1,249.2,DT16,3.049
2024-07-31T04:49:23.000000,ZONE4,243.5,DT31,2.547
2024-07-31T05:25:23.000000,ZONE1,251.2,DT16,3.049
2024-07-31T05:29:23.000000,ZONE1,251.6,DT31,3.049
2024-07-31T05:35:23.000000,ZONE1,264.399,DT24,3.049
2024-07-31T05:54:23.000000,ZONE1,258.4,DT22,3.049
2024-07-31T05:57:23.000000,ZONE1,261.3,DT16,3.049
2024-07-31T06:01:23.000000,ZONE1,259.3,DT31,3.049
2024-07-31T06:14:23.000000,ZONE1,250.0,DT16,3.049
2024-07-31T06:20:23.000000,ZONE1,243.9,DT31,3.049
2024-07-31T06:27:23.000000,ZONE1,249.7,DT33,3.049
2024-07-31T06:47:23.000000,ZONE1,264.3,DT16,3.049
2024-07-31T06:50:23.000000,ZONE1,258.8,DT31,3.049
2024-07-31T06:54:23.000000,ZONE1,250.9,DT8,3.049
2024-07-31T07:07:23.000000,ZONE1,256.6,DT16,3.049
2024-07-31T07:10:23.000000,ZONE1,240.1,DT31,3.049
2024-07-31T07:14:23.000000,ZONE1,262.6,DT8,3.049
2024-07-31T07:21:23.000000,ZONE1,252.2,DT16,3.049
2024-07-31T07:26:23.000000,ZONE1,251.2,DT31,3.049
2024-07-31T07:38:23.000000,ZONE1,266.8,DT8,3.049
2024-07-31T07:41:23.000000,ZONE1,244.9,DT16,3.049
2024-07-31T07:53:23.000000,ZONE1,249.5,DT31,3.049
2024-07-31T07:56:23.000000,ZONE1,248.1,DT8,3.049
2024-07-31T08:01:23.000000,ZONE1,245.1,DT16,3.049
2024-07-31T08:06:23.000000,ZONE1,265.6,DT31,3.049
2024-07-31T08:27:23.000000,ZONE4,240.7,DT6,2.547
2024-07-31T08:31:23.000000,ZONE4,252.1,DT34,2.547
2024-07-31T08:39:23.000000,ZONE1,257.9,DT8,3.049
2024-07-31T08:43:23.000000,ZONE1,255.0,DT16,3.049
2024-07-31T08:47:23.000000,ZONE1,240.6,DT31,3.049
2024-07-31T08:31:23.000000,ZONE4,248.0,DT34,2.547
2024-07-31T08:59:23.000000,ZONE1,239.9,DT8,3.049
2024-07-31T09:10:23.000000,ZONE1,252.1,DT16,3.049
2024-07-31T09:14:23.000000,ZONE1,246.0,DT31,3.049
2024-07-31T09:18:23.000000,ZONE1,248.3,DT8,3.049
2024-07-31T09:29:23.000000,ZONE1,247.8,DT16,3.049
2024-07-31T09:32:23.000000,ZONE1,253.1,DT31,3.049
2024-07-31T09:36:23.000000,ZONE1,253.1,DT8,3.049
2024-07-31T09:41:23.000000,ZONE1,251.2,DT16,3.049
2024-07-31T09:47:23.000000,ZONE1,245.1,DT31,3.049
2024-07-31T09:53:23.000000,ZONE1,245.8,DT8,3.049
2024-07-31T10:47:23.000000,ZONE23,253.9,DT7,3.099
2024-07-31T10:52:23.000000,ZONE1,240.8,DT16,3.049
2024-07-31T10:56:23.000000,ZONE4,245.3,DT15,2.547
2024-07-31T11:02:23.000000,ZONE4,244.7,DT33,2.547
2024-07-31T11:07:23.000000,ZONE1,263.0,DT16,3.049
2024-07-31T11:18:23.000000,ZONE1,238.7,DT16,3.049
2024-07-31T11:28:23.000000,ZONE1,242.2,DT16,3.049
2024-07-31T11:32:23.000000,ZONE8,226.9,DT15,1.513
2024-07-31T11:37:23.000000,ZONE1,268.3,DT31,3.049
2024-07-31T11:41:23.000000,ZONE1,235.9,DT16,3.049
2024-07-31T11:46:23.000000,ZONE8,246.8,DT33,1.513
2024-07-31T11:51:23.000000,ZONE1,258.9,DT4,3.049
2024-07-31T12:04:23.000000,ZONE8,237.1,DT15,1.513
2024-07-31T12:10:23.000000,ZONE1,235.4,DT4,3.049
2024-07-31T12:14:23.000000,ZONE1,226.7,DT7,3.049
2024-07-31T12:19:23.000000,ZONE8,243.7,DT33,1.513
2024-07-31T12:27:23.000000,ZONE1,250.7,DT4,3.049
2024-07-31T12:32:23.000000,ZONE1,238.1,DT10,3.049
2024-07-31T12:36:23.000000,ZONE8,250.7,DT5,1.513
2024-07-31T12:43:23.000000,ZONE1,235.1,DT4,3.049
2024-07-31T12:50:23.000000,ZONE1,242.3,DT10,3.049
2024-07-31T12:57:23.000000,ZONE1,237.3,DT4,3.049
2024-07-31T13:07:23.000000,ZONE1,245.5,DT4,3.049
2024-07-31T13:12:23.000000,ZONE8,238.7,DT5,1.513
2024-07-31T13:19:23.000000,ZONE1,232.9,DT4,3.049
2024-07-31T13:29:23.000000,ZONE8,259.1,DT10,1.513
2024-07-31T13:44:23.000000,ZONE1,229.5,DT4,3.049
2024-07-31T13:58:23.000000,ZONE8,262.7,DT5,1.513
2024-07-31T14:12:23.000000,ZONE2,250.5,DT4,3.059
2024-07-31T14:28:23.000000,ZONE2,243.8,DT29,3.059
2024-07-31T14:45:23.000000,ZONE2,235.5,DT25,3.059
2024-07-31T14:58:23.000000,ZONE4,241.1,DT32,2.547
2024-07-31T15:12:23.000000,ZONE4,243.7,DT6,2.547
2024-07-31T15:28:23.000000,ZONE4,263.0,DT7,2.547
2024-07-31T15:43:23.000000,ZONE4,274.6,DT6,2.547
2024-07-31T15:59:23.000000,ZONE4,259.9,DT7,2.547
2024-07-31T16:16:23.000000,ZONE4,258.7,DT6,2.547
2024-07-31T16:32:23.000000,ZONE4,265.8,DT7,2.547
2024-07-31T16:48:23.000000,ZONE4,254.6,DT30,2.547
2024-07-31T17:04:23.000000,ZONE4,260.1,DT7,2.547
2024-07-31T17:19:23.000000,ZONE4,254.7,DT30,2.547
2024-07-31T17:35:23.000000,ZONE4,254.0,DT7,2.547
2024-07-31T17:49:23.000000,ZONE4,262.6,DT30,2.547
2024-07-31T18:05:23.000000,ZONE4,274.9,DT7,2.547
2024-07-31T18:19:23.000000,ZONE4,262.7,DT30,2.547
2024-07-31T18:43:23.000000,ZONE4,264.0,DT7,2.547
2024-07-31T18:59:23.000000,ZONE4,260.6,DT30,2.547
2024-07-31T19:18:23.000000,ZONE4,261.0,DT10,2.547
2024-07-31T19:36:23.000000,ZONE1,243.5,DT30,3.049
2024-07-31T19:50:23.000000,ZONE1,253.7,DT30,3.049
2024-07-31T20:04:23.000000,ZONE1,240.5,DT30,3.049
2024-07-31T20:18:23.000000,ZONE1,260.7,DT30,3.049
2024-07-31T20:33:23.000000,ZONE1,249.7,DT30,3.049
2024-07-31T20:51:23.000000,ZONE2,239.8,DT30,3.059
2024-07-31T21:07:23.000000,ZONE4,263.8,DT8,2.547
2024-07-31T21:24:23.000000,ZONE4,258.9,DT10,2.547
2024-07-31T21:37:23.000000,ZONE4,257.0,DT8,2.547
2024-07-31T21:52:23.000000,ZONE4,263.2,DT10,2.547
2024-07-31T21:59:23.000000,ZONE4,266.9,DT29,2.547
2024-07-31T22:29:23.000000,ZONE1,265.1,DT7,3.049
2024-07-31T22:33:23.000000,ZONE1,252.9,DT34,3.049
2024-07-31T22:42:23.000000,ZONE1,258.8,DT7,3.049
2024-07-31T22:50:23.000000,ZONE4,256.8,DT10,2.547
2024-07-31T22:42:23.000000,ZONE1,250.8,DT7,3.049
2024-07-31T23:07:23.000000,ZONE1,244.1,DT34,3.049
2024-07-31T23:11:23.000000,ZONE1,254.8,DT7,3.049
2024-07-31T23:17:23.000000,ZONE4,242.1,DT32,2.547
2024-07-31T23:23:23.000000,ZONE1,250.1,DT34,3.049
2024-07-31T23:28:23.000000,ZONE1,252.2,DT7,3.049
2024-07-31T23:33:23.000000,ZONE4,252.0,DT29,2.547
2024-07-31T23:43:23.000000,ZONE4,244.9,DT8,2.547
2024-07-31T23:43:23.000000,ZONE1,241.2,DT34,3.049
2024-07-31T23:51:23.000000,ZONE1,252.1,DT7,3.049
2024-07-31T23:43:23.000000,ZONE1,238.5,DT34,3.049
2024-07-31T23:43:23.000000,ZONE1,245.1,DT34,3.049
2024-08-01T00:05:23.000000,ZONE1,236.3,DT7,3.049
2024-08-01T00:11:23.000000,ZONE1,266.399,DT34,3.049
2024-08-01T00:15:23.000000,ZONE4,253.4,DT12,2.547
2024-08-01T00:20:23.000000,ZONE1,224.8,DT7,3.049
2024-08-01T00:25:23.000000,ZONE4,252.4,DT32,2.547
2024-08-01T00:31:23.000000,ZONE1,249.9,DT34,3.049
2024-08-01T00:33:23.000000,ZONE1,205.5,DT7,3.049
2024-08-01T00:33:23.000000,ZONE1,250.8,DT7,3.049
2024-08-01T01:29:23.000000,ZONE1,226.6,DT34,3.049
2024-08-01T01:32:23.000000,ZONE1,243.2,DT7,3.049
2024-08-01T01:53:23.000000,ZONE1,249.9,DT7,3.049
2024-08-01T01:58:23.000000,ZONE5,266.5,DT32,2.256
2024-08-01T02:03:23.000000,ZONE1,244.2,DT34,3.049
2024-08-01T02:08:23.000000,ZONE1,252.4,DT7,3.049
2024-08-01T02:22:23.000000,ZONE1,245.7,DT34,3.049
2024-08-01T02:27:23.000000,ZONE5,254.5,DT12,2.256
2024-08-01T02:33:23.000000,ZONE1,234.1,DT7,3.049
2024-08-01T02:43:23.000000,ZONE1,243.8,DT34,3.049
2024-08-01T02:47:23.000000,ZONE1,238.7,DT7,3.049
2024-08-01T02:56:23.000000,ZONE5,267.4,DT32,2.256
2024-08-01T03:01:23.000000,ZONE1,257.3,DT34,3.049
2024-08-01T03:06:23.000000,ZONE1,239.8,DT7,3.049
2024-08-01T03:22:23.000000,ZONE1,255.9,DT8,3.049
2024-08-01T03:27:23.000000,ZONE1,261.6,DT5,3.049
2024-08-01T03:35:23.000000,ZONE1,252.2,DT8,3.049
2024-08-01T03:42:23.000000,ZONE1,248.1,DT28,3.049
2024-08-01T03:54:23.000000,ZONE1,249.7,DT5,3.049
2024-08-01T04:01:23.000000,ZONE1,247.8,DT28,3.049
2024-08-01T04:09:23.000000,ZONE1,243.7,DT8,3.049
2024-08-01T04:15:23.000000,ZONE1,240.5,DT5,3.049
2024-08-01T04:22:23.000000,ZONE1,240.6,DT28,3.049
2024-08-01T04:28:23.000000,ZONE1,255.9,DT5,3.049
2024-08-01T04:42:23.000000,ZONE1,237.2,DT28,3.049
2024-08-01T04:45:23.000000,ZONE1,257.5,DT5,3.049
2024-08-01T04:56:23.000000,ZONE1,252.7,DT28,3.049
2024-08-01T05:00:23.000000,ZONE1,233.3,DT5,3.049
2024-08-01T05:12:23.000000,ZONE1,241.3,DT4,3.049
2024-08-01T05:17:23.000000,ZONE1,244.4,DT26,3.049
2024-08-01T05:21:23.000000,ZONE1,254.2,DT28,3.049
2024-08-01T05:26:23.000000,ZONE1,248.2,DT5,3.049
2024-08-01T05:32:23.000000,ZONE1,264.0,DT4,3.049
2024-08-01T05:39:23.000000,ZONE1,258.4,DT26,3.049
2024-08-01T05:58:23.000000,ZONE21,241.6,DT26,3.921
2024-08-01T06:02:23.000000,ZONE21,252.5,DT28,3.921
2024-08-01T06:11:23.000000,ZONE21,239.1,DT5,3.921
2024-08-01T06:13:23.000000,ZONE21,250.9,DT26,3.921
2024-08-01T06:25:23.000000,ZONE21,252.5,DT4,3.921
2024-08-01T06:51:23.000000,ZONE21,250.6,DT28,3.921
2024-08-01T06:54:23.000000,ZONE21,241.5,DT5,3.921
2024-08-01T07:08:23.000000,ZONE21,245.5,DT5,3.921
2024-08-01T07:14:23.000000,ZONE21,253.0,DT32,3.921
2024-08-01T07:20:23.000000,ZONE21,260.2,DT4,3.921
2024-08-01T07:26:23.000000,ZONE21,231.1,DT5,3.921
2024-08-01T07:32:23.000000,ZONE21,235.0,DT32,3.921
2024-08-01T07:41:23.000000,ZONE21,254.2,DT4,3.921
2024-08-01T07:48:23.000000,ZONE21,248.3,DT5,3.921
2024-08-01T07:54:23.000000,ZONE21,257.4,DT32,3.921
2024-08-01T08:01:23.000000,ZONE21,243.0,DT4,3.921
2024-08-01T08:08:23.000000,ZONE21,255.1,DT32,3.921
2024-08-01T08:15:23.000000,ZONE21,232.8,DT4,3.921
2024-08-01T08:24:23.000000,ZONE21,242.3,DT32,3.921
2024-08-01T08:29:23.000000,ZONE21,245.6,DT4,3.921
2024-08-01T08:36:23.000000,ZONE21,245.1,DT5,3.921
2024-08-01T08:44:23.000000,ZONE21,252.2,DT32,3.921
2024-08-01T08:51:23.000000,ZONE21,244.8,DT4,3.921
2024-08-01T08:58:23.000000,ZONE21,236.5,DT32,3.921
2024-08-01T09:07:23.000000,ZONE21,250.1,DT4,3.921
2024-08-01T09:13:23.000000,ZONE21,251.6,DT32,3.921
2024-08-01T09:22:23.000000,ZONE21,249.5,DT4,3.921
2024-08-01T09:28:23.000000,ZONE21,247.3,DT32,3.921
2024-08-01T09:37:23.000000,ZONE21,238.2,DT4,3.921
2024-08-01T09:42:23.000000,ZONE21,253.9,DT32,3.921
2024-08-01T09:51:23.000000,ZONE21,245.4,DT4,3.921
2024-08-01T09:58:23.000000,ZONE21,238.4,DT32,3.921
2024-08-01T10:06:23.000000,ZONE21,247.0,DT4,3.921
2024-08-01T10:19:23.000000,ZONE21,266.2,DT32,3.921
2024-08-01T10:26:23.000000,ZONE21,261.1,DT2,3.921
2024-08-01T10:30:23.000000,ZONE21,236.7,DT4,3.921
2024-08-01T10:35:23.000000,ZONE21,265.7,DT32,3.921
2024-08-01T10:41:23.000000,ZONE21,256.0,DT2,3.921
2024-08-01T10:47:23.000000,ZONE21,265.1,DT4,3.921
2024-08-01T10:53:23.000000,ZONE21,255.6,DT32,3.921
2024-08-01T10:59:23.000000,ZONE21,261.7,DT2,3.921
2024-08-01T11:05:23.000000,ZONE21,265.8,DT4,3.921
2024-08-01T11:13:23.000000,ZONE21,270.4,DT32,3.921
2024-08-01T11:19:23.000000,ZONE21,262.2,DT2,3.921
2024-08-01T11:28:23.000000,ZONE21,246.1,DT4,3.921
2024-08-01T11:37:23.000000,ZONE21,266.2,DT32,3.921
2024-08-01T11:51:23.000000,ZONE3,251.9,DT2,2.652
2024-08-01T11:57:23.000000,ZONE3,263.1,DT4,2.652
2024-08-01T12:07:23.000000,ZONE3,251.8,DT32,2.652
2024-08-01T12:14:23.000000,ZONE3,257.6,DT2,2.652
2024-08-01T12:21:23.000000,ZONE3,253.8,DT4,2.652
2024-08-01T12:49:23.000000,ZONE3,259.1,DT2,2.652
2024-08-01T12:54:23.000000,ZONE3,233.3,DT26,2.652
2024-08-01T13:01:23.000000,ZONE3,246.6,DT32,2.652
2024-08-01T13:07:23.000000,ZONE3,268.399,DT2,2.652
2024-08-01T13:16:23.000000,ZONE3,250.3,DT26,2.652
2024-08-01T13:23:23.000000,ZONE3,252.7,DT32,2.652
2024-08-01T13:31:23.000000,ZONE3,245.2,DT2,2.652
2024-08-01T13:56:23.000000,ZONE3,247.2,DT32,2.652
2024-08-01T14:05:23.000000,ZONE3,243.9,DT2,2.652
2024-08-01T14:11:23.000000,ZONE3,254.1,DT26,2.652
2024-08-01T14:17:23.000000,ZONE3,241.5,DT20,2.652
2024-08-01T14:24:23.000000,ZONE3,238.9,DT27,2.652
2024-08-01T14:30:23.000000,ZONE3,254.2,DT26,2.652
2024-08-01T14:45:23.000000,ZONE3,253.5,DT20,2.652
2024-08-01T14:50:23.000000,ZONE3,237.3,DT27,2.652
2024-08-01T14:55:23.000000,ZONE3,254.1,DT26,2.652
2024-08-01T15:00:23.000000,ZONE3,247.4,DT20,2.652
2024-08-01T15:06:23.000000,ZONE3,242.8,DT27,2.652
2024-08-01T15:13:23.000000,ZONE3,246.3,DT26,2.652
2024-08-01T15:19:23.000000,ZONE3,245.8,DT20,2.652
2024-08-01T15:26:23.000000,ZONE3,245.1,DT27,2.652
2024-08-01T15:32:23.000000,ZONE3,257.0,DT26,2.652
2024-08-01T15:45:23.000000,ZONE3,243.7,DT20,2.652
2024-08-01T15:49:23.000000,ZONE3,255.9,DT27,2.652
2024-08-01T16:01:23.000000,ZONE1,231.9,DT13,3.049
2024-08-01T16:07:23.000000,ZONE1,246.2,DT27,3.049
2024-08-01T16:23:23.000000,ZONE1,225.5,DT13,3.049
2024-08-01T16:27:23.000000,ZONE1,252.8,DT27,3.049
2024-08-01T16:33:23.000000,ZONE1,236.0,DT13,3.049
2024-08-01T16:38:23.000000,ZONE1,256.4,DT27,3.049
2024-08-01T16:44:23.000000,ZONE1,235.4,DT13,3.049
2024-08-01T16:49:23.000000,ZONE1,245.2,DT12,3.049
2024-08-01T16:54:23.000000,ZONE1,229.6,DT13,3.049
2024-08-01T17:03:23.000000,ZONE1,251.6,DT12,3.049
2024-08-01T17:07:23.000000,ZONE1,254.2,DT13,3.049
2024-08-01T17:14:23.000000,ZONE1,239.5,DT12,3.049
2024-08-01T17:18:23.000000,ZONE1,225.9,DT13,3.049
2024-08-01T17:26:23.000000,ZONE1,232.7,DT12,3.049
2024-08-01T17:30:23.000000,ZONE1,202.6,DT13,3.049
2024-08-01T17:42:23.000000,ZONE1,257.7,DT12,3.049
2024-08-01T17:46:23.000000,ZONE1,219.0,DT13,3.049
2024-08-01T17:53:23.000000,ZONE1,252.6,DT12,3.049
2024-08-01T17:58:23.000000,ZONE1,229.5,DT13,3.049
2024-08-01T18:07:23.000000,ZONE1,253.5,DT12,3.049
2024-08-01T18:18:23.000000,ZONE1,237.9,DT13,3.049
2024-08-01T18:23:23.000000,ZONE1,247.9,DT12,3.049
2024-08-01T18:29:23.000000,ZONE1,233.3,DT13,3.049
2024-08-01T18:34:23.000000,ZONE1,247.5,DT12,3.049
2024-08-01T18:43:23.000000,ZONE1,231.7,DT13,3.049
2024-08-01T18:48:23.000000,ZONE1,243.9,DT12,3.049
2024-08-01T18:54:23.000000,ZONE1,226.6,DT13,3.049
2024-08-01T19:06:23.000000,ZONE1,258.3,DT9,3.049
2024-08-01T19:17:23.000000,ZONE1,233.1,DT13,3.049
2024-08-01T19:22:23.000000,ZONE1,255.6,DT9,3.049
2024-08-01T19:30:23.000000,ZONE1,226.1,DT13,3.049
2024-08-01T19:33:23.000000,ZONE1,262.2,DT9,3.049
2024-08-01T19:39:23.000000,ZONE1,254.2,DT1,3.049
2024-08-01T19:44:23.000000,ZONE1,248.5,DT13,3.049
2024-08-01T19:50:23.000000,ZONE1,250.7,DT9,3.049
2024-08-01T19:57:23.000000,ZONE1,213.5,DT13,3.049
2024-08-01T20:01:23.000000,ZONE1,245.6,DT9,3.049
2024-08-01T20:09:23.000000,ZONE1,239.2,DT8,3.049
2024-08-01T20:14:23.000000,ZONE1,249.9,DT9,3.049
2024-08-01T20:21:23.000000,ZONE1,262.6,DT8,3.049
2024-08-01T20:26:23.000000,ZONE1,258.6,DT9,3.049
2024-08-01T20:38:23.000000,ZONE1,253.7,DT8,3.049
2024-08-01T20:42:23.000000,ZONE1,247.0,DT9,3.049
2024-08-01T20:49:23.000000,ZONE1,261.7,DT8,3.049
2024-08-01T20:53:23.000000,ZONE1,257.5,DT9,3.049
2024-08-01T21:00:23.000000,ZONE1,250.3,DT8,3.049
2024-08-01T21:10:23.000000,ZONE1,254.7,DT9,3.049
2024-08-01T21:18:23.000000,ZONE1,263.2,DT8,3.049
2024-08-01T21:22:23.000000,ZONE1,263.6,DT9,3.049
2024-08-01T21:28:23.000000,ZONE1,241.8,DT8,3.049
2024-08-01T21:33:23.000000,ZONE1,257.2,DT9,3.049
2024-08-01T21:39:23.000000,ZONE1,230.2,DT8,3.049
2024-08-01T21:44:23.000000,ZONE1,221.2,DT9,3.049
2024-08-01T21:51:23.000000,ZONE1,254.0,DT8,3.049
2024-08-01T21:55:23.000000,ZONE1,225.7,DT9,3.049
2024-08-01T22:31:23.000000,ZONE1,252.6,DT9,3.049
2024-08-01T22:39:23.000000,ZONE1,260.0,DT8,3.049
2024-08-01T22:53:23.000000,ZONE1,248.9,DT9,3.049
2024-08-01T22:56:23.000000,ZONE1,242.5,DT8,3.049
2024-08-01T23:08:23.000000,ZONE1,245.8,DT9,3.049
2024-08-01T23:13:23.000000,ZONE1,247.1,DT8,3.049
2024-08-01T23:19:23.000000,ZONE1,242.9,DT9,3.049
2024-08-01T23:31:23.000000,ZONE1,254.5,DT35,3.049
2024-08-01T23:35:23.000000,ZONE1,243.3,DT8,3.049
2024-08-01T23:41:23.000000,ZONE1,246.6,DT9,3.049
2024-08-01T23:45:23.000000,ZONE1,254.5,DT35,3.049
2024-08-01T23:54:23.000000,ZONE1,234.6,DT8,3.049
2024-08-01T23:59:23.000000,ZONE1,236.0,DT9,3.049
